WILAYA,Lat,Lon,Month,Prc_mm_m,Prc_mm_d,Prc_cv,Wet_Days,Tmp_min,Tmp_max,Tmp_Mean,Grnd_Frost,Rel_Hum,Sun_shine,Wind_ms,Eto_mm_m,Eto_mm_d
ADRAR,29.46,1.820,1,5,0,178.4,1.5,3.2,17.7,10.40,10.3,49.3,82.2,1.3,64.00,2.10
ADRAR,29.46,1.820,2,3,0,223.7,0.9,5.9,21.3,13.60,5.1,45.9,83.6,1.4,81.00,2.90
ADRAR,29.46,1.820,3,6,0,215.4,0.9,9.1,24.6,16.80,2.2,43.4,86.4,1.3,120.00,3.90
ADRAR,29.46,1.820,4,3,0,242.1,1.2,13.4,29.2,21.30,0.7,42.0,83.7,1.4,152.00,5.10
ADRAR,29.46,1.820,5,2,0,276.2,0.9,18.3,34.2,26.20,0.4,41.6,81.7,1.5,189.00,6.10
ADRAR,29.46,1.820,6,1,0,303.8,0.7,23.7,40.1,31.90,0.2,39.7,83.7,1.3,207.00,6.90
ADRAR,29.46,1.820,7,0,0,367.2,0.6,25.7,42.1,33.90,0.1,37.9,88.7,1.3,227.00,7.30
ADRAR,29.46,1.820,8,1,0,349.7,0.7,25.3,41.5,33.40,0.1,41.7,87.4,1.2,211.00,6.80
ADRAR,29.46,1.820,9,2,0,245.3,1.0,22.0,37.0,29.50,0.2,44.7,83.4,1.3,171.00,5.70
ADRAR,29.46,1.820,10,3,0,226.8,1.5,15.4,30.0,22.70,0.4,45.0,81.5,1.3,128.00,4.10
ADRAR,29.46,1.820,11,3,0,180.3,1.0,8.9,23.1,16.00,2.0,48.2,80.6,1.3,84.00,2.80
ADRAR,29.46,1.820,12,7,0,189.5,2.0,4.1,18.2,11.10,8.7,50.7,80.8,1.3,64.00,2.10
AIN DEFLA,36.26,1.960,1,85,3,63.8,9.5,6.0,14.2,10.10,5.7,71.3,59.8,1.7,41.00,1.30
AIN DEFLA,36.26,1.960,2,79,3,79.0,10.6,6.7,15.7,11.20,4.1,69.8,61.4,2.1,54.00,1.90
AIN DEFLA,36.26,1.960,3,64,2,70.2,10.2,7.7,17.7,12.70,2.9,68.9,59.3,2.1,81.00,2.60
AIN DEFLA,36.26,1.960,4,57,2,78.0,8.7,9.7,20.1,14.90,0.9,67.7,61.3,2.0,102.00,3.40
AIN DEFLA,36.26,1.960,5,37,1,88.4,7.6,13.2,24.5,18.80,0.0,66.6,66.8,1.9,135.00,4.30
AIN DEFLA,36.26,1.960,6,14,0,101.5,3.1,17.5,29.6,23.50,0.0,63.4,71.7,2.0,162.00,5.40
AIN DEFLA,36.26,1.960,7,2,0,199.6,1.7,21.1,34.2,27.60,0.0,60.6,76.8,1.9,191.00,6.20
AIN DEFLA,36.26,1.960,8,6,0,139.1,1.6,21.3,34.3,27.80,0.0,63.3,75.1,1.9,178.00,5.70
AIN DEFLA,36.26,1.960,9,22,1,101.4,4.0,18.3,30.4,24.30,0.0,66.9,68.7,1.6,126.00,4.20
AIN DEFLA,36.26,1.960,10,60,2,90.3,7.2,14.0,24.4,19.20,0.0,69.1,65.4,1.7,88.00,2.80
AIN DEFLA,36.26,1.960,11,69,2,74.9,9.3,9.8,18.9,14.30,0.9,70.6,61.1,1.8,56.00,1.90
AIN DEFLA,36.26,1.960,12,83,3,73.6,10.0,6.8,14.8,10.80,4.3,71.9,59.1,1.8,41.00,1.30
AIN TEMOUCHENT,35.30,-1.140,1,48,2,79.9,7.1,5.6,15.1,10.30,6.2,69.2,60.5,2.2,50.00,1.60
AIN TEMOUCHENT,35.30,-1.140,2,56,2,86.0,8.9,6.7,16.0,11.30,3.9,68.1,60.8,2.7,61.00,2.20
AIN TEMOUCHENT,35.30,-1.140,3,56,2,76.7,7.2,7.4,18.0,12.70,2.8,65.7,60.2,2.5,89.00,2.90
AIN TEMOUCHENT,35.30,-1.140,4,56,2,85.6,7.3,9.5,19.8,14.60,1.2,64.9,60.5,2.7,109.00,3.60
AIN TEMOUCHENT,35.30,-1.140,5,45,1,127.5,6.8,12.1,22.7,17.40,0.4,65.8,65.4,2.6,135.00,4.40
AIN TEMOUCHENT,35.30,-1.140,6,16,1,126.5,3.0,16.0,26.8,21.40,0.2,61.9,70.3,2.8,162.00,5.40
AIN TEMOUCHENT,35.30,-1.140,7,4,0,248.7,1.6,18.7,30.6,24.60,0.1,59.1,74.7,2.8,190.00,6.10
AIN TEMOUCHENT,35.30,-1.140,8,4,0,184.0,1.7,19.5,31.3,25.40,0.1,60.4,72.9,2.5,176.00,5.70
AIN TEMOUCHENT,35.30,-1.140,9,16,1,112.7,3.1,17.5,28.8,23.10,0.2,64.0,67.5,2.2,132.00,4.40
AIN TEMOUCHENT,35.30,-1.140,10,36,1,104.8,5.6,13.6,24.1,18.80,0.4,66.5,66.5,2.2,97.00,3.10
AIN TEMOUCHENT,35.30,-1.140,11,48,2,75.9,7.3,9.9,19.5,14.70,1.6,68.9,61.7,2.2,63.00,2.10
AIN TEMOUCHENT,35.30,-1.140,12,68,2,94.5,7.2,6.6,16.0,11.30,4.9,69.2,60.5,2.2,50.00,1.60
ALGER,36.75,3.060,1,92,3,57.7,10.8,6.0,15.8,10.90,5.1,73.3,57.5,1.8,42.00,1.40
ALGER,36.75,3.060,2,82,3,77.0,10.4,6.5,16.7,11.60,3.9,71.4,60.0,2.0,53.00,1.90
ALGER,36.75,3.060,3,66,2,66.5,11.0,7.2,18.0,12.60,3.3,70.4,58.0,2.1,79.00,2.50
ALGER,36.75,3.060,4,67,2,72.2,8.9,9.1,20.1,14.60,1.1,68.8,60.9,2.0,100.00,3.30
ALGER,36.75,3.060,5,33,1,90.5,7.8,12.3,23.4,17.80,0.0,67.0,67.2,1.9,130.00,4.20
ALGER,36.75,3.060,6,15,1,105.3,3.1,16.0,27.2,21.60,0.0,63.6,72.6,1.9,153.00,5.10
ALGER,36.75,3.060,7,1,0,206.1,1.6,19.2,31.1,25.10,0.0,61.1,77.7,1.8,177.00,5.70
ALGER,36.75,3.060,8,5,0,168.7,1.6,19.7,31.6,25.60,0.0,64.1,76.2,1.9,166.00,5.30
ALGER,36.75,3.060,9,32,1,102.5,4.7,17.5,29.2,23.30,0.0,68.1,69.0,1.5,118.00,3.90
ALGER,36.75,3.060,10,79,3,82.5,7.7,13.8,24.7,19.20,0.0,70.6,64.5,1.7,86.00,2.80
ALGER,36.75,3.060,11,87,3,70.0,10.2,9.8,20.1,14.90,0.8,72.2,59.8,1.7,54.00,1.80
ALGER,36.75,3.060,12,103,3,64.8,10.8,7.1,16.5,11.80,3.5,73.9,56.8,1.8,41.00,1.30
ANNABA,36.90,7.750,1,105,3,54.2,12.6,6.7,15.9,11.30,4.7,76.7,49.1,1.7,39.00,1.20
ANNABA,36.90,7.750,2,87,3,53.9,11.2,6.7,16.5,11.60,4.2,74.6,52.9,1.9,49.00,1.70
ANNABA,36.90,7.750,3,78,3,56.8,12.1,7.5,17.9,12.70,3.2,73.3,54.1,2.0,74.00,2.40
ANNABA,36.90,7.750,4,61,2,67.2,11.2,9.5,20.3,14.90,1.2,71.0,57.6,2.0,97.00,3.20
ANNABA,36.90,7.750,5,36,1,65.2,7.2,12.5,23.7,18.10,0.0,66.1,64.0,1.9,130.00,4.20
ANNABA,36.90,7.750,6,16,1,92.3,3.5,16.0,27.5,21.70,0.0,60.1,70.7,1.9,155.00,5.20
ANNABA,36.90,7.750,7,2,0,169.9,1.3,18.5,30.9,24.70,0.0,54.6,78.4,1.9,183.00,5.90
ANNABA,36.90,7.750,8,9,0,128.4,1.9,19.4,31.2,25.30,0.0,57.0,76.4,1.9,170.00,5.50
ANNABA,36.90,7.750,9,35,1,79.7,5.4,17.7,29.0,23.30,0.0,63.2,69.8,1.7,124.00,4.10
ANNABA,36.90,7.750,10,73,2,79.5,8.7,14.2,25.1,19.60,0.0,69.9,61.2,1.6,84.00,2.70
ANNABA,36.90,7.750,11,82,3,66.4,11.3,10.2,20.5,15.30,0.9,74.9,56.0,1.6,51.00,1.70
ANNABA,36.90,7.750,12,107,3,63.0,12.2,7.5,16.9,12.20,3.4,77.9,51.1,1.7,38.00,1.20
BATNA,35.55,6.160,1,55,2,68.0,8.9,1.3,10.6,5.90,14.7,72.8,57.1,1.8,36.00,1.20
BATNA,35.55,6.160,2,52,2,65.9,8.5,1.9,12.1,7.00,12.1,71.2,59.9,2.0,46.00,1.60
BATNA,35.55,6.160,3,58,2,65.2,10.0,3.3,14.4,8.80,10.6,69.3,58.3,2.1,72.00,2.30
BATNA,35.55,6.160,4,48,2,71.6,9.0,5.8,18.0,11.90,5.7,66.7,59.9,2.1,96.00,3.20
BATNA,35.55,6.160,5,41,1,75.7,7.5,9.6,23.2,16.40,1.6,62.1,64.3,1.9,131.00,4.20
BATNA,35.55,6.160,6,26,1,93.7,4.8,14.1,29.1,21.60,0.4,55.8,70.8,1.8,162.00,5.40
BATNA,35.55,6.160,7,10,0,141.5,2.6,16.8,33.0,24.90,0.3,48.8,78.1,1.7,190.00,6.10
BATNA,35.55,6.160,8,18,1,123.2,3.5,16.9,32.3,24.60,0.3,52.2,76.8,1.7,175.00,5.60
BATNA,35.55,6.160,9,37,1,77.6,6.1,13.9,27.5,20.70,0.4,59.1,70.9,1.7,126.00,4.20
BATNA,35.55,6.160,10,39,1,74.5,6.5,9.5,21.4,15.40,1.7,66.3,65.2,1.6,82.00,2.70
BATNA,35.55,6.160,11,48,2,77.1,8.1,4.9,15.5,10.20,7.1,71.7,62.2,1.6,48.00,1.60
BATNA,35.55,6.160,12,55,2,76.7,8.5,2.2,11.6,6.90,12.8,74.2,59.0,1.9,36.00,1.20
BECHAR,31.62,-2.220,1,11,0,135.2,2.2,2.9,15.5,9.20,10.8,56.0,76.5,1.6,58.00,1.90
BECHAR,31.62,-2.220,2,9,0,145.4,3.2,5.6,18.2,11.90,5.1,53.8,78.8,1.9,75.00,2.70
BECHAR,31.62,-2.220,3,9,0,156.6,2.7,8.8,21.3,15.00,2.1,50.4,80.8,2.2,120.00,3.90
BECHAR,31.62,-2.220,4,11,0,143.8,2.7,12.3,24.9,18.60,0.8,50.2,79.7,2.2,147.00,4.90
BECHAR,31.62,-2.220,5,9,0,164.0,2.9,17.1,29.5,23.30,0.4,48.8,79.5,2.2,184.00,6.00
BECHAR,31.62,-2.220,6,4,0,272.1,1.7,21.9,35.4,28.60,0.2,43.9,80.6,2.0,209.00,7.00
BECHAR,31.62,-2.220,7,2,0,198.8,1.3,25.3,39.1,32.20,0.1,37.1,82.5,1.8,231.00,7.40
BECHAR,31.62,-2.220,8,3,0,220.1,1.9,25.1,38.5,31.80,0.1,39.3,80.5,1.6,211.00,6.80
BECHAR,31.62,-2.220,9,7,0,135.6,3.0,20.8,33.5,27.10,0.2,46.0,78.9,1.6,164.00,5.50
BECHAR,31.62,-2.220,10,12,0,153.0,2.9,14.4,26.4,20.40,0.4,50.7,78.5,1.6,118.00,3.80
BECHAR,31.62,-2.220,11,13,0,121.0,2.8,8.5,20.0,14.20,2.0,55.6,74.3,1.6,75.00,2.50
BECHAR,31.62,-2.220,12,10,0,124.6,2.5,3.6,15.5,9.50,9.4,57.4,76.4,1.6,57.00,1.80
BEJAIA,36.75,5.060,1,90,3,64.6,11.9,6.9,15.4,11.10,3.6,74.8,55.4,1.6,39.00,1.30
BEJAIA,36.75,5.060,2,78,3,64.2,10.9,7.0,15.9,11.40,3.3,72.9,58.2,1.8,49.00,1.80
BEJAIA,36.75,5.060,3,76,2,57.2,11.3,7.8,17.0,12.40,2.8,71.7,57.5,1.9,75.00,2.40
BEJAIA,36.75,5.060,4,63,2,67.2,11.2,9.5,18.9,14.20,1.5,69.7,60.3,1.9,96.00,3.20
BEJAIA,36.75,5.060,5,32,1,84.8,8.4,12.7,22.0,17.30,0.4,66.5,66.6,1.8,126.00,4.10
BEJAIA,36.75,5.060,6,19,1,92.0,4.0,16.5,25.9,21.20,0.2,61.7,72.9,1.8,150.00,5.00
BEJAIA,36.75,5.060,7,5,0,155.9,2.2,19.3,29.4,24.30,0.1,57.9,78.9,1.6,172.00,5.50
BEJAIA,36.75,5.060,8,7,0,150.3,2.4,20.0,29.8,24.90,0.1,60.9,77.4,1.7,161.00,5.20
BEJAIA,36.75,5.060,9,47,2,76.7,5.3,18.0,27.8,22.90,0.2,66.2,69.8,1.5,117.00,3.90
BEJAIA,36.75,5.060,10,79,3,74.2,8.4,14.6,24.0,19.30,0.4,70.3,64.0,1.5,82.00,2.60
BEJAIA,36.75,5.060,11,69,2,69.9,10.9,10.7,19.5,15.10,1.1,73.4,59.2,1.5,50.00,1.70
BEJAIA,36.75,5.060,12,128,4,60.8,11.3,7.8,16.0,11.90,2.8,75.7,55.5,1.6,37.00,1.20
BENI ABBES,30.13,-2.170,1,16,1,102.4,4.1,5.4,15.8,10.60,6.2,67.3,64.4,1.3,44.00,1.40
BENI ABBES,30.13,-2.170,2,14,1,116.5,4.0,7.0,17.8,12.40,3.5,64.6,67.8,1.6,59.00,2.10
BENI ABBES,30.13,-2.170,3,18,1,106.6,4.1,9.3,20.9,15.10,2.3,63.0,66.7,1.6,92.00,3.00
BENI ABBES,30.13,-2.170,4,15,1,119.7,3.9,12.7,24.7,18.70,0.7,61.0,68.6,1.6,120.00,4.00
BENI ABBES,30.13,-2.170,5,13,0,129.0,3.3,17.2,29.9,23.50,0.0,58.7,72.3,1.6,160.00,5.20
BENI ABBES,30.13,-2.170,6,7,0,142.5,2.2,22.0,35.4,28.70,0.0,54.4,76.7,1.5,187.00,6.20
BENI ABBES,30.13,-2.170,7,2,0,257.7,0.8,24.8,38.9,31.90,0.0,50.7,81.8,1.3,207.00,6.70
BENI ABBES,30.13,-2.170,8,5,0,190.0,1.2,24.8,38.3,31.50,0.0,54.1,80.8,1.3,193.00,6.20
BENI ABBES,30.13,-2.170,9,17,1,117.0,2.7,21.0,33.3,27.10,0.0,59.3,74.9,1.3,142.00,4.70
BENI ABBES,30.13,-2.170,10,19,1,110.0,3.1,15.5,26.7,21.10,0.2,63.0,71.0,1.3,98.00,3.20
BENI ABBES,30.13,-2.170,11,18,1,103.5,4.2,10.0,20.4,15.20,1.6,66.2,67.1,1.2,58.00,1.90
BENI ABBES,30.13,-2.170,12,17,1,111.1,3.9,6.5,16.4,11.40,4.9,68.8,65.3,1.3,43.00,1.40
BISKRA,34.85,5.730,1,14,0,99.2,3.5,6.4,16.3,11.30,5.0,68.5,62.4,1.3,43.00,1.40
BISKRA,34.85,5.730,2,11,0,109.0,3.4,8.0,18.4,13.20,2.7,65.6,66.1,1.5,58.00,2.10
BISKRA,34.85,5.730,3,16,1,105.6,3.9,10.3,21.4,15.80,1.4,63.9,64.9,1.6,92.00,3.00
BISKRA,34.85,5.730,4,13,0,117.1,3.8,13.5,25.1,19.30,0.4,61.9,67.4,1.6,120.00,4.00
BISKRA,34.85,5.730,5,11,0,134.9,3.2,18.1,30.3,24.20,0.0,59.1,71.4,1.6,161.00,5.20
BISKRA,34.85,5.730,6,6,0,152.9,2.3,22.8,35.8,29.30,0.0,54.5,76.1,1.6,190.00,6.30
BISKRA,34.85,5.730,7,2,0,297.3,0.5,25.9,39.4,32.60,0.0,50.7,81.4,1.3,210.00,6.80
BISKRA,34.85,5.730,8,5,0,196.2,1.2,25.7,38.5,32.10,0.0,54.2,80.4,1.4,197.00,6.30
BISKRA,34.85,5.730,9,19,1,115.5,2.6,21.9,33.5,27.70,0.0,59.7,74.4,1.3,142.00,4.70
BISKRA,34.85,5.730,10,17,1,107.0,2.9,16.4,27.0,21.70,0.0,63.9,69.9,1.3,97.00,3.10
BISKRA,34.85,5.730,11,17,1,103.8,3.7,10.8,20.8,15.80,0.9,67.4,66.0,1.2,57.00,1.90
BISKRA,34.85,5.730,12,14,0,110.5,3.4,7.3,16.8,12.00,3.8,70.0,63.6,1.3,42.00,1.40
BLIDA,36.47,2.830,1,106,3,58.9,11.2,3.2,11.0,7.10,10.6,72.4,59.7,2.1,39.00,1.20
BLIDA,36.47,2.830,2,94,3,78.5,11.5,3.8,12.0,7.90,8.6,71.6,60.7,2.3,47.00,1.70
BLIDA,36.47,2.830,3,80,3,67.9,11.4,4.8,14.1,9.40,7.9,70.6,58.2,2.3,72.00,2.30
BLIDA,36.47,2.830,4,75,2,74.4,10.3,6.7,16.5,11.60,4.5,69.3,59.6,2.2,91.00,3.00
BLIDA,36.47,2.830,5,47,2,82.5,9.4,10.2,20.9,15.50,1.6,67.0,64.9,2.1,123.00,4.00
BLIDA,36.47,2.830,6,26,1,93.3,4.5,14.7,26.2,20.40,0.7,62.7,71.0,2.0,150.00,5.00
BLIDA,36.47,2.830,7,9,0,182.4,2.9,18.2,30.6,24.40,0.4,58.0,76.9,1.9,179.00,5.80
BLIDA,36.47,2.830,8,13,0,137.7,2.9,18.3,30.5,24.40,0.4,60.9,75.4,1.9,165.00,5.30
BLIDA,36.47,2.830,9,37,1,99.2,5.7,15.4,26.9,21.10,0.7,65.6,68.6,1.7,118.00,3.90
BLIDA,36.47,2.830,10,76,2,84.9,8.2,11.2,21.0,16.10,1.8,69.3,64.9,1.9,82.00,2.60
BLIDA,36.47,2.830,11,89,3,69.9,10.7,7.2,15.7,11.40,4.8,71.6,61.1,2.0,51.00,1.70
BLIDA,36.47,2.830,12,104,3,66.3,11.4,4.3,11.8,8.00,9.0,73.0,59.0,2.1,38.00,1.20
BORDJ BOU ARRERIDJ,36.07,4.760,1,2,0,207.1,0.3,5.7,20.0,12.80,7.7,42.8,80.6,1.7,87.00,2.80
BORDJ BOU ARRERIDJ,36.07,4.760,2,0,0,331.8,0.2,7.9,22.9,15.40,3.3,38.8,84.1,1.9,104.00,3.70
BORDJ BOU ARRERIDJ,36.07,4.760,3,5,0,181.8,0.8,12.0,26.9,19.40,0.1,37.0,83.6,2.0,152.00,4.90
BORDJ BOU ARRERIDJ,36.07,4.760,4,1,0,220.2,0.3,16.8,31.9,24.30,0.0,36.5,86.4,2.1,189.00,6.30
BORDJ BOU ARRERIDJ,36.07,4.760,5,2,0,236.9,0.4,21.5,36.2,28.80,0.0,37.7,82.7,2.1,223.00,7.20
BORDJ BOU ARRERIDJ,36.07,4.760,6,2,0,188.9,0.6,25.0,39.8,32.40,0.0,38.9,85.5,2.0,236.00,7.90
BORDJ BOU ARRERIDJ,36.07,4.760,7,0,0,470.0,0.0,25.2,39.6,32.40,0.0,40.5,83.9,2.0,240.00,7.70
BORDJ BOU ARRERIDJ,36.07,4.760,8,1,0,386.5,0.2,24.8,39.3,32.00,0.0,44.8,84.1,1.9,225.00,7.20
BORDJ BOU ARRERIDJ,36.07,4.760,9,1,0,214.9,0.8,22.7,36.8,29.70,0.0,44.0,79.4,1.9,189.00,6.30
BORDJ BOU ARRERIDJ,36.07,4.760,10,2,0,233.4,0.4,17.7,31.7,24.70,0.0,40.9,82.4,1.9,159.00,5.10
BORDJ BOU ARRERIDJ,36.07,4.760,11,2,0,228.4,0.4,11.5,25.8,18.60,0.2,40.8,79.8,1.6,107.00,3.60
BORDJ BOU ARRERIDJ,36.07,4.760,12,3,0,257.3,0.6,6.7,21.0,13.80,5.8,44.2,79.7,1.8,90.00,2.90
BORDJ BOU BADJI MOKHTAR,21.33,0.950,1,1,0,371.2,0.0,11.8,26.4,19.10,0.5,26.6,76.3,2.3,144.00,4.60
BORDJ BOU BADJI MOKHTAR,21.33,0.950,2,0,0,329.1,0.0,14.4,29.7,22.00,0.0,21.7,78.8,2.2,153.00,5.50
BORDJ BOU BADJI MOKHTAR,21.33,0.950,3,1,0,341.4,0.0,17.4,33.0,25.20,0.0,20.1,73.9,2.2,199.00,6.40
BORDJ BOU BADJI MOKHTAR,21.33,0.950,4,1,0,432.0,0.0,21.3,36.8,29.00,0.0,18.1,71.8,2.2,221.00,7.40
BORDJ BOU BADJI MOKHTAR,21.33,0.950,5,2,0,242.4,0.2,25.4,40.6,33.00,0.0,19.7,70.2,2.1,244.00,7.90
BORDJ BOU BADJI MOKHTAR,21.33,0.950,6,3,0,168.0,0.7,28.8,43.0,35.90,0.0,24.2,50.0,2.5,252.00,8.40
BORDJ BOU BADJI MOKHTAR,21.33,0.950,7,10,0,124.6,2.3,28.6,42.4,35.50,0.0,30.7,45.1,2.5,248.00,8.00
BORDJ BOU BADJI MOKHTAR,21.33,0.950,8,19,1,118.5,3.7,27.6,41.4,34.50,0.0,36.7,49.9,2.2,223.00,7.20
BORDJ BOU BADJI MOKHTAR,21.33,0.950,9,10,0,133.9,1.8,26.8,40.6,33.70,0.0,31.1,56.4,2.0,206.00,6.90
BORDJ BOU BADJI MOKHTAR,21.33,0.950,10,1,0,239.3,0.0,23.1,37.1,30.10,0.0,24.1,75.5,1.9,196.00,6.30
BORDJ BOU BADJI MOKHTAR,21.33,0.950,11,1,0,360.8,0.0,17.6,31.7,24.60,0.0,26.0,80.1,1.8,151.00,5.00
BORDJ BOU BADJI MOKHTAR,21.33,0.950,12,1,0,337.9,0.1,12.8,26.8,19.80,0.1,27.7,73.2,2.0,134.00,4.30
BOUIRA,36.37,3.900,1,90,3,61.2,10.8,3.3,12.3,7.80,9.5,72.7,59.2,1.9,39.00,1.30
BOUIRA,36.37,3.900,2,80,3,76.2,10.5,3.9,13.1,8.50,7.8,71.5,60.9,2.1,48.00,1.70
BOUIRA,36.37,3.900,3,68,2,64.0,10.2,4.9,15.3,10.10,7.4,70.3,59.0,2.2,74.00,2.40
BOUIRA,36.37,3.900,4,68,2,71.6,9.6,7.3,17.9,12.60,4.1,68.6,60.6,2.1,95.00,3.20
BOUIRA,36.37,3.900,5,40,1,84.5,8.4,10.7,22.1,16.40,1.5,65.9,66.1,1.9,127.00,4.10
BOUIRA,36.37,3.900,6,25,1,92.7,4.0,15.3,27.5,21.40,0.6,61.3,72.2,1.9,156.00,5.20
BOUIRA,36.37,3.900,7,6,0,171.8,2.5,18.4,31.4,24.90,0.3,56.6,78.1,1.7,180.00,5.80
BOUIRA,36.37,3.900,8,11,0,147.9,2.7,18.5,31.3,24.90,0.3,59.6,76.8,1.8,168.00,5.40
BOUIRA,36.37,3.900,9,39,1,93.5,5.4,15.8,27.8,21.80,0.6,64.8,69.7,1.6,120.00,4.00
BOUIRA,36.37,3.900,10,74,2,81.4,7.7,11.5,22.3,16.90,1.7,68.8,65.4,1.7,83.00,2.70
BOUIRA,36.37,3.900,11,77,3,71.0,10.1,7.6,16.7,12.10,4.6,71.6,61.4,1.7,50.00,1.70
BOUIRA,36.37,3.900,12,101,3,65.6,10.6,4.5,12.9,8.70,8.1,73.5,58.9,1.9,38.00,1.20
BOUMERDES,36.76,3.470,1,99,3,57.9,11.1,5.8,15.6,10.70,5.1,73.7,57.1,1.8,42.00,1.30
BOUMERDES,36.76,3.470,2,87,3,75.7,10.4,6.3,16.4,11.30,4.1,71.8,59.7,1.9,51.00,1.80
BOUMERDES,36.76,3.470,3,68,2,62.9,10.9,7.1,17.8,12.40,3.6,70.7,58.0,2.1,78.00,2.50
BOUMERDES,36.76,3.470,4,74,2,69.8,9.3,9.1,19.8,14.40,1.5,69.1,60.8,2.0,99.00,3.30
BOUMERDES,36.76,3.470,5,33,1,90.6,7.9,12.1,23.1,17.60,0.1,66.8,67.2,1.9,130.00,4.20
BOUMERDES,36.76,3.470,6,18,1,103.3,3.2,15.9,26.9,21.40,0.0,63.0,72.9,1.9,153.00,5.10
BOUMERDES,36.76,3.470,7,1,0,194.2,1.7,18.9,30.5,24.70,0.0,60.2,78.1,1.8,176.00,5.70
BOUMERDES,36.76,3.470,8,5,0,176.7,1.8,19.4,31.0,25.20,0.0,63.2,76.7,1.9,165.00,5.30
BOUMERDES,36.76,3.470,9,37,1,102.9,4.9,17.3,28.8,23.00,0.0,67.6,69.3,1.5,117.00,3.90
BOUMERDES,36.76,3.470,10,86,3,78.1,7.9,13.7,24.5,19.10,0.2,70.5,64.4,1.6,84.00,2.70
BOUMERDES,36.76,3.470,11,91,3,68.4,10.4,9.7,19.9,14.80,1.2,72.5,59.7,1.7,53.00,1.80
BOUMERDES,36.76,3.470,12,116,4,59.7,10.9,6.9,16.3,11.60,3.7,74.4,56.6,1.7,39.00,1.30
CHLEF,36.16,1.340,1,58,2,68.5,8.3,5.0,14.4,9.70,7.1,70.5,60.4,1.7,42.00,1.30
CHLEF,36.16,1.340,2,65,2,79.2,9.4,5.9,16.2,11.00,5.2,69.1,61.6,2.1,55.00,2.00
CHLEF,36.16,1.340,3,49,2,70.4,8.8,6.7,18.3,12.50,4.1,68.1,59.5,2.1,83.00,2.70
CHLEF,36.16,1.340,4,46,2,80.3,7.8,9.0,20.9,14.90,1.6,67.0,61.2,2.1,105.00,3.50
CHLEF,36.16,1.340,5,37,1,93.4,6.6,12.5,25.6,19.00,0.2,66.6,66.5,2.0,138.00,4.50
CHLEF,36.16,1.340,6,14,0,102.9,2.8,16.8,31.0,23.90,0.1,63.7,71.0,2.1,167.00,5.60
CHLEF,36.16,1.340,7,3,0,186.7,1.6,20.3,36.0,28.10,0.0,61.0,75.9,2.0,198.00,6.40
CHLEF,36.16,1.340,8,8,0,151.1,1.5,20.5,35.9,28.20,0.0,63.5,74.2,1.9,182.00,5.90
CHLEF,36.16,1.340,9,16,1,110.3,3.2,17.6,31.6,24.60,0.1,66.7,68.0,1.6,129.00,4.30
CHLEF,36.16,1.340,10,53,2,93.0,6.6,13.4,25.2,19.30,0.3,68.6,65.5,1.8,92.00,3.00
CHLEF,36.16,1.340,11,58,2,78.3,8.0,9.0,19.2,14.10,1.8,70.0,61.3,1.8,57.00,1.90
CHLEF,36.16,1.340,12,69,2,76.6,8.4,6.0,15.1,10.50,5.7,71.0,59.6,1.8,42.00,1.40
CONSTANTINE,36.36,6.640,1,70,2,65.4,10.5,2.5,11.3,6.90,12.5,74.6,55.5,1.6,34.00,1.10
CONSTANTINE,36.36,6.640,2,62,2,60.7,10.0,3.0,12.6,7.80,10.5,73.2,57.9,1.9,45.00,1.60
CONSTANTINE,36.36,6.640,3,64,2,58.9,11.5,4.1,14.6,9.30,9.2,71.6,57.0,2.0,70.00,2.20
CONSTANTINE,36.36,6.640,4,54,2,68.4,10.3,6.4,17.9,12.10,4.8,69.1,58.8,1.9,92.00,3.10
CONSTANTINE,36.36,6.640,5,42,1,72.0,8.6,9.9,22.7,16.30,1.2,64.6,63.9,1.9,127.00,4.10
CONSTANTINE,36.36,6.640,6,22,1,102.1,4.7,14.2,28.1,21.10,0.2,58.6,70.7,1.7,155.00,5.20
CONSTANTINE,36.36,6.640,7,9,0,137.9,2.5,17.1,32.3,24.70,0.1,52.0,78.0,1.6,183.00,5.90
CONSTANTINE,36.36,6.640,8,14,0,109.1,3.0,17.4,32.0,24.70,0.1,55.1,76.4,1.7,171.00,5.50
CONSTANTINE,36.36,6.640,9,37,1,71.6,6.2,14.5,27.5,21.00,0.2,61.7,70.0,1.6,121.00,4.00
CONSTANTINE,36.36,6.640,10,42,1,75.8,7.4,10.4,21.8,16.10,1.1,68.3,63.9,1.5,79.00,2.60
CONSTANTINE,36.36,6.640,11,50,2,73.3,10.0,6.0,16.2,11.10,5.7,73.3,60.2,1.6,47.00,1.60
CONSTANTINE,36.36,6.640,12,74,2,75.3,10.4,3.3,12.1,7.70,10.8,75.8,56.7,1.7,34.00,1.10
DJANET,24.55,9.490,1,1,0,287.8,0.6,5.2,18.4,11.80,6.7,37.3,84.0,1.6,88.00,2.80
DJANET,24.55,9.490,2,1,0,289.8,0.7,7.8,21.5,14.60,3.0,33.3,85.1,1.6,100.00,3.60
DJANET,24.55,9.490,3,3,0,192.3,1.2,11.9,25.4,18.60,1.2,31.4,86.3,1.7,146.00,4.70
DJANET,24.55,9.490,4,1,0,258.2,1.3,17.0,30.6,23.80,0.7,31.6,82.7,1.8,177.00,5.90
DJANET,24.55,9.490,5,2,0,169.1,1.3,21.8,34.9,28.40,0.4,33.6,80.1,1.8,208.00,6.70
DJANET,24.55,9.490,6,2,0,227.7,1.3,24.5,37.4,30.90,0.2,35.5,85.3,1.7,217.00,7.20
DJANET,24.55,9.490,7,0,0,347.1,0.9,24.3,36.4,30.30,0.1,38.5,88.0,1.7,222.00,7.20
DJANET,24.55,9.490,8,0,0,397.9,1.2,23.4,35.8,29.60,0.1,42.9,89.8,1.6,208.00,6.70
DJANET,24.55,9.490,9,2,0,167.0,1.9,21.5,34.1,27.80,0.2,40.4,81.5,1.7,178.00,5.90
DJANET,24.55,9.490,10,2,0,228.6,1.1,16.8,29.9,23.30,0.5,36.2,84.0,1.7,154.00,5.00
DJANET,24.55,9.490,11,1,0,326.8,1.0,10.5,23.9,17.20,1.0,35.2,82.6,1.6,110.00,3.70
DJANET,24.55,9.490,12,2,0,357.7,1.0,5.9,19.5,12.70,5.3,38.7,80.9,1.6,89.00,2.90
DJELFA,34.67,3.250,1,39,1,82.1,8.4,0.0,9.6,4.80,16.8,67.3,66.1,1.8,40.00,1.30
DJELFA,34.67,3.250,2,49,2,104.5,8.2,1.3,11.2,6.20,12.8,66.3,67.2,2.0,50.00,1.80
DJELFA,34.67,3.250,3,46,1,85.3,7.7,2.5,14.1,8.30,12.1,64.8,65.3,2.0,77.00,2.50
DJELFA,34.67,3.250,4,35,1,91.4,7.4,5.8,18.0,11.90,5.9,63.4,64.9,1.9,100.00,3.30
DJELFA,34.67,3.250,5,36,1,93.1,6.8,9.8,23.2,16.50,1.8,61.2,68.3,1.8,134.00,4.30
DJELFA,34.67,3.250,6,25,1,90.2,4.4,15.0,29.5,22.20,0.5,56.1,73.9,1.6,162.00,5.40
DJELFA,34.67,3.250,7,10,0,138.7,3.4,18.1,33.9,26.00,0.3,50.3,79.9,1.6,193.00,6.20
DJELFA,34.67,3.250,8,19,1,121.3,3.9,17.5,32.9,25.20,0.3,53.2,78.5,1.5,175.00,5.60
DJELFA,34.67,3.250,9,30,1,91.9,5.8,13.6,27.6,20.60,0.5,58.5,72.7,1.5,127.00,4.20
DJELFA,34.67,3.250,10,37,1,100.9,6.4,8.5,20.4,14.40,2.6,62.9,70.0,1.6,86.00,2.80
DJELFA,34.67,3.250,11,38,1,89.2,7.9,3.9,14.1,9.00,8.7,66.6,66.6,1.7,52.00,1.70
DJELFA,34.67,3.250,12,35,1,93.2,8.1,0.8,10.4,5.60,15.0,68.3,66.0,1.9,40.00,1.30
EL BAYADH,33.69,1.030,1,38,1,99.3,6.7,-0.7,8.9,4.10,16.9,63.4,69.9,1.9,43.00,1.40
EL BAYADH,33.69,1.030,2,39,1,109.1,7.2,1.0,11.4,6.20,12.3,62.7,70.1,2.2,55.00,2.00
EL BAYADH,33.69,1.030,3,41,1,100.7,6.1,2.6,14.5,8.50,10.5,60.6,69.6,2.2,85.00,2.70
EL BAYADH,33.69,1.030,4,36,1,115.7,6.4,6.1,18.0,12.00,6.1,59.8,67.7,2.2,108.00,3.60
EL BAYADH,33.69,1.030,5,36,1,130.9,5.8,10.0,22.8,16.40,2.8,58.6,70.1,2.1,140.00,4.50
EL BAYADH,33.69,1.030,6,23,1,146.9,3.6,15.9,29.8,22.80,1.1,53.3,75.1,1.9,172.00,5.70
EL BAYADH,33.69,1.030,7,11,0,171.0,3.0,19.0,33.8,26.40,0.6,46.8,80.9,1.9,204.00,6.60
EL BAYADH,33.69,1.030,8,19,1,152.3,4.7,18.5,33.3,25.90,0.6,48.9,79.1,1.8,187.00,6.00
EL BAYADH,33.69,1.030,9,24,1,114.6,5.4,14.9,28.2,21.50,1.1,54.4,74.1,1.7,137.00,4.60
EL BAYADH,33.69,1.030,10,34,1,123.3,5.1,9.5,20.5,15.00,3.1,58.9,72.7,1.8,95.00,3.10
EL BAYADH,33.69,1.030,11,38,1,99.9,5.8,4.4,13.8,9.10,7.8,63.0,68.8,1.9,58.00,1.90
EL BAYADH,33.69,1.030,12,40,1,113.2,6.2,1.0,10.0,5.50,15.1,64.4,69.6,2.0,44.00,1.40
EL MENIA,30.58,2.880,1,6,0,172.3,1.8,2.6,17.1,9.80,11.7,53.0,80.3,1.3,59.00,1.90
EL MENIA,30.58,2.880,2,3,0,204.4,1.0,5.1,20.3,12.70,6.1,49.7,83.3,1.4,75.00,2.70
EL MENIA,30.58,2.880,3,7,0,174.9,1.0,8.2,23.5,15.80,2.3,47.6,85.3,1.3,112.00,3.60
EL MENIA,30.58,2.880,4,2,0,206.4,1.1,12.7,28.1,20.40,0.2,46.3,83.3,1.3,142.00,4.70
EL MENIA,30.58,2.880,5,1,0,231.6,1.0,17.6,33.1,25.30,0.1,45.7,82.7,1.4,181.00,5.80
EL MENIA,30.58,2.880,6,1,0,287.1,0.6,23.0,38.9,30.90,0.0,43.4,84.1,1.3,203.00,6.80
EL MENIA,30.58,2.880,7,0,0,381.9,0.5,24.9,40.7,32.80,0.0,41.2,89.0,1.2,219.00,7.10
EL MENIA,30.58,2.880,8,1,0,325.6,0.6,24.5,40.3,32.40,0.0,44.8,88.4,1.1,203.00,6.50
EL MENIA,30.58,2.880,9,2,0,221.5,1.0,21.3,35.7,28.50,0.0,48.2,83.7,1.2,161.00,5.40
EL MENIA,30.58,2.880,10,4,0,182.7,1.8,14.7,28.9,21.80,0.1,49.1,81.9,1.2,118.00,3.80
EL MENIA,30.58,2.880,11,5,0,148.5,1.0,8.3,22.4,15.30,2.1,52.0,78.4,1.3,78.00,2.60
EL MENIA,30.58,2.880,12,9,0,175.6,1.9,3.6,17.6,10.60,9.7,54.5,79.9,1.3,59.00,1.90
EL MGHAIR,33.95,5.920,1,8,0,114.7,2.4,6.1,17.2,11.60,5.2,65.5,65.6,1.3,47.00,1.50
EL MGHAIR,33.95,5.920,2,5,0,135.5,2.2,7.9,19.7,13.80,2.1,62.1,69.7,1.5,63.00,2.30
EL MGHAIR,33.95,5.920,3,12,0,122.2,2.6,10.5,22.7,16.60,0.3,60.4,68.5,1.6,99.00,3.20
EL MGHAIR,33.95,5.920,4,9,0,139.7,2.4,14.0,26.7,20.30,0.0,58.3,71.1,1.6,129.00,4.30
EL MGHAIR,33.95,5.920,5,6,0,155.1,1.7,18.5,31.7,25.10,0.0,56.1,74.1,1.6,169.00,5.50
EL MGHAIR,33.95,5.920,6,2,0,174.5,1.3,23.2,37.2,30.20,0.0,52.2,77.9,1.6,198.00,6.60
EL MGHAIR,33.95,5.920,7,0,0,278.4,0.1,25.9,40.4,33.10,0.0,49.0,82.7,1.4,218.00,7.00
EL MGHAIR,33.95,5.920,8,2,0,238.2,0.5,25.9,39.9,32.90,0.0,52.7,82.0,1.4,204.00,6.60
EL MGHAIR,33.95,5.920,9,8,0,138.0,1.4,22.3,34.9,28.60,0.0,57.9,76.4,1.4,151.00,5.00
EL MGHAIR,33.95,5.920,10,10,0,113.4,1.9,16.7,28.5,22.60,0.0,61.3,72.6,1.3,105.00,3.40
EL MGHAIR,33.95,5.920,11,10,0,107.5,2.4,10.9,22.2,16.50,0.2,64.5,68.9,1.2,63.00,2.10
EL MGHAIR,33.95,5.920,12,10,0,124.1,2.3,7.1,18.0,12.50,4.0,67.3,66.9,1.3,47.00,1.50
EL OUED,33.37,6.850,1,10,0,125.5,2.1,5.2,16.8,11.00,7.0,63.0,68.3,1.6,53.00,1.70
EL OUED,33.37,6.850,2,9,0,137.2,1.7,7.2,19.7,13.40,3.3,59.4,72.4,1.7,68.00,2.40
EL OUED,33.37,6.850,3,10,0,133.4,2.1,9.8,22.7,16.20,1.0,57.6,70.6,1.8,105.00,3.40
EL OUED,33.37,6.850,4,7,0,149.3,2.0,13.5,26.9,20.20,0.0,55.7,73.1,1.9,138.00,4.60
EL OUED,33.37,6.850,5,6,0,184.4,1.2,18.0,31.9,24.90,0.0,53.9,75.3,1.9,179.00,5.80
EL OUED,33.37,6.850,6,2,0,192.5,1.0,22.6,37.6,30.10,0.0,50.5,78.5,1.9,209.00,7.00
EL OUED,33.37,6.850,7,0,0,287.3,0.2,24.9,40.1,32.50,0.0,47.4,83.2,1.7,227.00,7.30
EL OUED,33.37,6.850,8,1,0,310.6,0.4,25.1,40.0,32.50,0.0,51.3,82.8,1.6,211.00,6.80
EL OUED,33.37,6.850,9,6,0,160.7,0.8,21.8,35.1,28.40,0.0,56.3,77.3,1.6,159.00,5.30
EL OUED,33.37,6.850,10,8,0,118.4,1.7,16.0,28.6,22.30,0.0,59.3,74.5,1.6,114.00,3.70
EL OUED,33.37,6.850,11,9,0,111.7,1.6,10.0,22.0,16.00,1.0,62.1,71.6,1.3,66.00,2.20
EL OUED,33.37,6.850,12,7,0,132.6,2.0,5.9,17.4,11.60,5.8,65.1,69.7,1.6,52.00,1.70
EL TAREF,36.77,8.320,1,99,3,57.9,11.1,5.8,15.6,10.70,5.1,73.7,57.1,1.8,42.00,1.30
EL TAREF,36.77,8.320,2,87,3,75.7,10.4,6.3,16.4,11.30,4.1,71.8,59.7,1.9,51.00,1.80
EL TAREF,36.77,8.320,3,68,2,62.9,10.9,7.1,17.8,12.40,3.6,70.7,58.0,2.1,78.00,2.50
EL TAREF,36.77,8.320,4,74,2,69.8,9.3,9.1,19.8,14.40,1.5,69.1,60.8,2.0,99.00,3.30
EL TAREF,36.77,8.320,5,33,1,90.6,7.9,12.1,23.1,17.60,0.1,66.8,67.2,1.9,130.00,4.20
EL TAREF,36.77,8.320,6,18,1,103.3,3.2,15.9,26.9,21.40,0.0,63.0,72.9,1.9,153.00,5.10
EL TAREF,36.77,8.320,7,1,0,194.2,1.7,18.9,30.5,24.70,0.0,60.2,78.1,1.8,176.00,5.70
EL TAREF,36.77,8.320,8,5,0,176.7,1.8,19.4,31.0,25.20,0.0,63.2,76.7,1.9,165.00,5.30
EL TAREF,36.77,8.320,9,37,1,102.9,4.9,17.3,28.8,23.00,0.0,67.6,69.3,1.5,117.00,3.90
EL TAREF,36.77,8.320,10,86,3,78.1,7.9,13.7,24.5,19.10,0.2,70.5,64.4,1.6,84.00,2.70
EL TAREF,36.77,8.320,11,91,3,68.4,10.4,9.7,19.9,14.80,1.2,72.5,59.7,1.7,53.00,1.80
EL TAREF,36.77,8.320,12,116,4,59.7,10.9,6.9,16.3,11.60,3.7,74.4,56.6,1.7,39.00,1.30
GHARDAIA,32.49,3.640,1,8,0,136.8,2.1,4.9,16.3,10.60,7.9,60.1,73.2,1.4,53.00,1.70
GHARDAIA,32.49,3.640,2,5,0,160.7,2.2,6.9,19.0,12.90,4.1,57.4,76.2,1.6,69.00,2.50
GHARDAIA,32.49,3.640,3,7,0,138.4,2.5,9.1,21.5,15.30,2.0,55.6,76.1,1.5,103.00,3.30
GHARDAIA,32.49,3.640,4,7,0,155.3,2.1,12.8,25.8,19.30,0.4,54.1,76.0,1.6,133.00,4.40
GHARDAIA,32.49,3.640,5,5,0,159.0,1.9,17.5,31.0,24.20,0.1,52.9,77.4,1.6,172.00,5.50
GHARDAIA,32.49,3.640,6,2,0,177.7,1.5,22.6,36.7,29.60,0.0,49.5,80.4,1.6,199.00,6.60
GHARDAIA,32.49,3.640,7,0,0,249.7,0.6,25.5,39.8,32.60,0.0,46.1,85.1,1.3,215.00,7.00
GHARDAIA,32.49,3.640,8,1,0,251.0,0.9,25.2,39.3,32.20,0.0,49.5,84.3,1.3,203.00,6.50
GHARDAIA,32.49,3.640,9,5,0,152.2,2.2,21.3,34.2,27.70,0.0,53.8,79.1,1.3,153.00,5.10
GHARDAIA,32.49,3.640,10,7,0,148.5,2.0,15.4,27.3,21.30,0.2,56.1,76.9,1.4,111.00,3.60
GHARDAIA,32.49,3.640,11,11,0,116.9,2.6,9.4,20.9,15.10,1.6,59.3,73.0,1.3,68.00,2.30
GHARDAIA,32.49,3.640,12,3,0,141.0,2.3,5.7,16.7,11.20,6.4,61.6,73.5,1.4,52.00,1.70
GUELMA,36.46,7.430,1,96,3,56.2,11.3,5.0,14.2,9.60,7.9,75.5,51.9,1.7,38.00,1.20
GUELMA,36.46,7.430,2,82,3,54.3,10.3,5.2,15.2,10.20,6.8,73.5,55.4,1.9,48.00,1.70
GUELMA,36.46,7.430,3,76,2,57.6,11.5,6.3,16.8,11.50,5.6,72.0,55.5,2.0,74.00,2.40
GUELMA,36.46,7.430,4,60,2,68.6,10.4,8.3,19.5,13.90,2.6,69.6,58.4,1.9,96.00,3.20
GUELMA,36.46,7.430,5,39,1,66.9,7.4,11.6,23.6,17.60,0.4,64.7,64.1,1.9,131.00,4.20
GUELMA,36.46,7.430,6,20,1,91.7,4.0,15.3,27.9,21.60,0.1,58.5,70.8,1.8,156.00,5.20
GUELMA,36.46,7.430,7,5,0,150.3,1.8,17.9,31.5,24.70,0.0,52.4,78.2,1.7,182.00,5.90
GUELMA,36.46,7.430,8,12,0,122.8,2.5,18.7,31.6,25.10,0.0,55.3,76.5,1.8,171.00,5.50
GUELMA,36.46,7.430,9,35,1,76.8,5.7,16.4,28.4,22.40,0.1,61.8,70.2,1.7,124.00,4.10
GUELMA,36.46,7.430,10,63,2,79.1,7.8,12.6,23.8,18.20,0.4,68.8,62.6,1.6,84.00,2.70
GUELMA,36.46,7.430,11,76,3,67.6,10.1,8.5,18.9,13.70,2.9,74.0,58.2,1.6,50.00,1.70
GUELMA,36.46,7.430,12,98,3,64.8,10.9,5.9,15.2,10.50,6.5,76.7,53.9,1.7,37.00,1.20
ILLIZI,26.51,8.480,1,2,0,207.1,0.3,5.7,20.0,12.80,7.7,42.8,80.6,1.7,87.00,2.80
ILLIZI,26.51,8.480,2,0,0,331.8,0.2,7.9,22.9,15.40,3.3,38.8,84.1,1.9,104.00,3.70
ILLIZI,26.51,8.480,3,5,0,181.8,0.8,12.0,26.9,19.40,0.1,37.0,83.6,2.0,152.00,4.90
ILLIZI,26.51,8.480,4,1,0,220.2,0.3,16.8,31.9,24.30,0.0,36.5,86.4,2.1,189.00,6.30
ILLIZI,26.51,8.480,5,2,0,236.9,0.4,21.5,36.2,28.80,0.0,37.7,82.7,2.1,223.00,7.20
ILLIZI,26.51,8.480,6,2,0,188.9,0.6,25.0,39.8,32.40,0.0,38.9,85.5,2.0,236.00,7.90
ILLIZI,26.51,8.480,7,0,0,470.0,0.0,25.2,39.6,32.40,0.0,40.5,83.9,2.0,240.00,7.70
ILLIZI,26.51,8.480,8,1,0,386.5,0.2,24.8,39.3,32.00,0.0,44.8,84.1,1.9,225.00,7.20
ILLIZI,26.51,8.480,9,1,0,214.9,0.8,22.7,36.8,29.70,0.0,44.0,79.4,1.9,189.00,6.30
ILLIZI,26.51,8.480,10,2,0,233.4,0.4,17.7,31.7,24.70,0.0,40.9,82.4,1.9,159.00,5.10
ILLIZI,26.51,8.480,11,2,0,228.4,0.4,11.5,25.8,18.60,0.2,40.8,79.8,1.6,107.00,3.60
ILLIZI,26.51,8.480,12,3,0,257.3,0.6,6.7,21.0,13.80,5.8,44.2,79.7,1.8,90.00,2.90
IN GUEZZAM,19.57,5.770,1,0,0,423.9,0.0,11.7,27.0,19.40,0.2,24.5,77.0,1.8,134.00,4.30
IN GUEZZAM,19.57,5.770,2,0,0,382.7,0.0,14.1,29.9,22.00,0.0,20.1,79.9,1.9,146.00,5.20
IN GUEZZAM,19.57,5.770,3,0,0,359.0,0.0,18.2,33.7,25.90,0.0,18.3,74.8,1.8,186.00,6.00
IN GUEZZAM,19.57,5.770,4,1,0,373.5,0.0,22.6,38.0,30.30,0.0,20.3,73.7,1.8,207.00,6.90
IN GUEZZAM,19.57,5.770,5,3,0,185.0,0.3,26.7,40.8,33.70,0.0,26.1,72.9,1.9,234.00,7.60
IN GUEZZAM,19.57,5.770,6,6,0,140.1,1.7,28.0,41.1,34.50,0.0,32.6,64.9,2.1,231.00,7.70
IN GUEZZAM,19.57,5.770,7,15,0,107.2,4.0,27.1,39.4,33.20,0.0,41.8,67.0,2.2,229.00,7.40
IN GUEZZAM,19.57,5.770,8,23,1,120.3,4.9,26.4,38.6,32.50,0.0,48.0,68.0,2.0,210.00,6.80
IN GUEZZAM,19.57,5.770,9,7,0,123.0,2.2,25.9,38.8,32.30,0.0,42.2,71.9,1.8,195.00,6.50
IN GUEZZAM,19.57,5.770,10,1,0,271.0,0.0,22.3,36.6,29.40,0.0,30.0,81.1,1.8,191.00,6.20
IN GUEZZAM,19.57,5.770,11,0,0,432.6,0.0,16.8,31.8,24.30,0.0,24.2,82.1,1.8,155.00,5.20
IN GUEZZAM,19.57,5.770,12,0,0,380.7,0.0,12.8,28.0,20.40,0.0,26.7,76.9,1.9,139.00,4.50
IN SALAH,27.20,2.480,1,4,0,218.9,0.8,7.1,21.7,14.40,4.0,42.2,82.3,1.2,77.00,2.50
IN SALAH,27.20,2.480,2,3,0,308.3,0.4,10.0,25.2,17.60,0.9,38.0,84.4,1.3,95.00,3.40
IN SALAH,27.20,2.480,3,1,0,287.7,0.4,13.3,28.7,21.00,0.0,35.5,86.3,1.3,139.00,4.50
IN SALAH,27.20,2.480,4,2,0,325.1,0.7,17.3,33.4,25.30,0.0,34.0,83.0,1.4,170.00,5.70
IN SALAH,27.20,2.480,5,1,0,358.2,0.3,22.2,38.1,30.10,0.0,34.2,80.0,1.5,206.00,6.70
IN SALAH,27.20,2.480,6,0,0,222.3,0.0,27.6,43.5,35.50,0.0,34.4,79.2,1.3,216.00,7.20
IN SALAH,27.20,2.480,7,0,0,370.5,0.0,29.0,44.6,36.80,0.0,35.3,85.3,1.3,235.00,7.60
IN SALAH,27.20,2.480,8,1,0,365.8,0.4,28.7,43.9,36.30,0.0,40.0,84.1,1.2,219.00,7.10
IN SALAH,27.20,2.480,9,0,0,285.9,0.4,25.8,40.3,33.00,0.0,40.7,83.3,1.3,186.00,6.20
IN SALAH,27.20,2.480,10,1,0,273.8,0.4,19.7,34.1,26.90,0.0,38.5,81.1,1.3,147.00,4.80
IN SALAH,27.20,2.480,11,1,0,261.9,0.4,13.1,27.3,20.20,0.0,40.9,85.7,1.3,103.00,3.40
IN SALAH,27.20,2.480,12,3,0,216.0,1.7,7.9,22.1,15.00,3.0,43.5,79.9,1.2,77.00,2.50
JIJEL,36.82,5.760,1,82,3,64.0,12.3,7.0,14.8,10.90,4.4,75.5,54.2,1.6,38.00,1.20
JIJEL,36.82,5.760,2,69,2,59.5,11.4,7.2,15.4,11.30,3.9,73.7,57.1,1.7,47.00,1.70
JIJEL,36.82,5.760,3,65,2,56.6,11.8,8.0,16.7,12.30,3.3,72.3,56.9,1.9,73.00,2.40
JIJEL,36.82,5.760,4,54,2,64.0,11.0,9.7,18.9,14.30,1.6,70.1,59.7,1.8,95.00,3.20
JIJEL,36.82,5.760,5,31,1,79.3,8.8,12.9,22.1,17.50,0.4,66.3,65.7,1.7,126.00,4.10
JIJEL,36.82,5.760,6,16,1,98.4,4.9,16.7,26.2,21.40,0.1,61.1,72.3,1.7,150.00,5.00
JIJEL,36.82,5.760,7,4,0,151.3,2.3,19.4,29.6,24.50,0.0,56.6,78.9,1.6,173.00,5.60
JIJEL,36.82,5.760,8,7,0,131.1,2.1,20.1,30.2,25.10,0.0,59.6,77.3,1.6,161.00,5.20
JIJEL,36.82,5.760,9,38,1,73.2,5.9,18.1,27.7,22.90,0.1,65.2,69.9,1.5,117.00,3.90
JIJEL,36.82,5.760,10,63,2,75.8,9.0,14.8,24.0,19.40,0.3,70.2,63.5,1.4,81.00,2.60
JIJEL,36.82,5.760,11,65,2,68.6,11.8,10.8,19.3,15.00,1.5,73.9,58.7,1.4,49.00,1.60
JIJEL,36.82,5.760,12,103,3,62.7,12.2,8.2,15.9,12.00,3.5,76.4,54.7,1.5,36.00,1.20
KHENCHLA,35.53,7.150,1,45,1,72.7,8.1,-0.1,9.1,4.50,17.2,71.4,59.3,1.9,36.00,1.20
KHENCHLA,35.53,7.150,2,43,2,70.8,7.7,0.7,10.9,5.80,14.0,69.9,61.7,2.2,47.00,1.70
KHENCHLA,35.53,7.150,3,53,2,70.2,9.3,2.3,13.4,7.80,12.4,68.0,59.5,2.2,72.00,2.30
KHENCHLA,35.53,7.150,4,44,1,76.1,8.5,4.9,17.3,11.10,7.0,65.3,60.6,2.2,96.00,3.20
KHENCHLA,35.53,7.150,5,42,1,81.5,7.3,9.1,22.8,15.90,2.3,60.8,64.4,2.1,133.00,4.30
KHENCHLA,35.53,7.150,6,29,1,93.5,5.0,13.8,29.3,21.50,0.8,54.6,70.8,1.9,165.00,5.50
KHENCHLA,35.53,7.150,7,12,0,146.3,2.9,16.4,33.0,24.70,0.5,47.1,78.1,1.8,194.00,6.30
KHENCHLA,35.53,7.150,8,21,1,131.9,3.9,16.3,32.1,24.20,0.5,50.7,76.9,1.8,178.00,5.70
KHENCHLA,35.53,7.150,9,38,1,81.2,6.1,13.1,26.9,20.00,0.8,57.8,71.2,1.8,127.00,4.20
KHENCHLA,35.53,7.150,10,34,1,77.1,6.0,8.5,20.3,14.40,2.6,65.1,66.3,1.8,84.00,2.70
KHENCHLA,35.53,7.150,11,43,1,81.0,7.3,3.7,14.1,8.90,8.9,70.5,63.9,1.8,49.00,1.60
KHENCHLA,35.53,7.150,12,43,1,82.9,7.7,0.8,10.2,5.50,15.2,73.0,61.2,2.0,36.00,1.20
LAGHOUAT,33.81,2.860,1,16,1,117.3,5.9,3.2,13.5,8.30,11.9,64.4,68.8,1.4,44.00,1.40
LAGHOUAT,33.81,2.860,2,15,1,122.3,5.9,4.3,15.3,9.80,8.0,62.7,70.7,1.6,57.00,2.00
LAGHOUAT,33.81,2.860,3,14,0,100.8,5.5,6.5,18.7,12.60,6.6,61.0,69.9,1.6,89.00,2.90
LAGHOUAT,33.81,2.860,4,15,0,126.8,5.0,9.8,22.4,16.10,2.6,59.6,69.8,1.6,115.00,3.80
LAGHOUAT,33.81,2.860,5,21,1,112.2,4.5,14.5,28.0,21.20,0.5,58.2,72.6,1.6,154.00,5.00
LAGHOUAT,33.81,2.860,6,12,0,101.6,2.7,18.7,33.0,25.80,0.0,54.0,76.8,1.4,175.00,5.80
LAGHOUAT,33.81,2.860,7,5,0,127.9,2.0,22.3,37.5,29.90,0.0,49.6,82.1,1.3,201.00,6.50
LAGHOUAT,33.81,2.860,8,21,1,135.9,2.6,21.8,36.7,29.20,0.0,52.5,80.9,1.3,187.00,6.00
LAGHOUAT,33.81,2.860,9,20,1,106.5,4.1,17.5,31.2,24.30,0.0,57.2,75.4,1.3,137.00,4.60
LAGHOUAT,33.81,2.860,10,22,1,126.7,4.5,12.2,24.2,18.20,1.0,60.5,73.0,1.3,95.00,3.10
LAGHOUAT,33.81,2.860,11,14,0,124.4,5.7,7.0,17.8,12.40,4.6,63.7,68.9,1.4,58.00,1.90
LAGHOUAT,33.81,2.860,12,16,1,128.6,5.6,3.4,13.6,8.50,10.2,65.6,68.9,1.5,44.00,1.40
MASCARA,35.40,0.140,1,50,2,76.9,7.6,3.5,13.6,8.50,9.8,68.5,62.5,1.9,45.00,1.40
MASCARA,35.40,0.140,2,53,2,85.4,8.3,4.6,15.4,10.00,6.9,67.4,63.0,2.3,57.00,2.10
MASCARA,35.40,0.140,3,49,2,78.5,7.5,5.1,17.6,11.30,5.8,65.7,61.6,2.2,85.00,2.70
MASCARA,35.40,0.140,4,46,2,89.3,7.3,7.5,20.1,13.80,2.9,64.9,62.0,2.3,106.00,3.50
MASCARA,35.40,0.140,5,38,1,114.1,6.8,10.6,24.6,17.60,1.1,65.0,66.6,2.2,138.00,4.50
MASCARA,35.40,0.140,6,16,1,121.0,3.0,15.2,30.1,22.60,0.5,61.2,71.3,2.3,169.00,5.60
MASCARA,35.40,0.140,7,6,0,212.8,2.0,18.1,34.3,26.20,0.2,57.6,76.2,2.3,199.00,6.40
MASCARA,35.40,0.140,8,9,0,161.8,2.4,18.9,34.9,26.90,0.2,59.5,74.4,2.2,187.00,6.00
MASCARA,35.40,0.140,9,18,1,107.3,3.7,15.9,30.5,23.20,0.4,63.2,68.9,1.9,134.00,4.50
MASCARA,35.40,0.140,10,40,1,102.7,5.9,11.9,24.1,18.00,1.1,65.9,67.4,1.9,94.00,3.00
MASCARA,35.40,0.140,11,49,2,81.5,7.2,7.9,18.5,13.20,3.6,68.2,63.0,1.9,59.00,2.00
MASCARA,35.40,0.140,12,61,2,89.1,7.4,4.5,14.7,9.60,8.3,68.9,62.0,1.9,45.00,1.50
MEDEA,36.26,2.760,1,104,3,59.5,11.0,2.7,10.5,6.60,11.6,72.0,60.3,2.1,39.00,1.20
MEDEA,36.26,2.760,2,93,3,79.6,11.4,3.4,11.5,7.40,9.4,71.3,61.2,2.3,47.00,1.70
MEDEA,36.26,2.760,3,79,3,68.5,11.2,4.3,13.7,9.00,8.7,70.3,58.7,2.4,72.00,2.30
MEDEA,36.26,2.760,4,73,2,75.3,10.3,6.4,16.2,11.30,4.9,68.9,59.7,2.2,91.00,3.00
MEDEA,36.26,2.760,5,48,2,82.3,9.4,9.9,20.8,15.30,1.8,66.6,64.9,2.1,123.00,4.00
MEDEA,36.26,2.760,6,27,1,91.4,4.6,14.5,26.3,20.40,0.8,62.2,71.0,2.0,151.00,5.00
MEDEA,36.26,2.760,7,9,0,176.2,3.0,18.0,30.8,24.40,0.4,57.1,77.1,1.9,181.00,5.80
MEDEA,36.26,2.760,8,14,0,132.7,3.1,18.1,30.7,24.40,0.4,60.0,75.5,1.9,167.00,5.40
MEDEA,36.26,2.760,9,37,1,97.9,5.8,15.0,26.7,20.80,0.7,64.8,68.8,1.7,119.00,4.00
MEDEA,36.26,2.760,10,73,2,86.0,8.1,10.6,20.6,15.60,2.0,68.7,65.2,1.9,82.00,2.60
MEDEA,36.26,2.760,11,86,3,70.7,10.6,6.6,15.0,10.80,5.5,71.2,61.6,2.0,50.00,1.70
MEDEA,36.26,2.760,12,100,3,68.1,11.2,3.8,11.3,7.50,9.9,72.6,59.7,2.1,38.00,1.20
MILA,36.45,6.260,1,72,2,65.7,10.9,4.2,12.7,8.40,9.3,74.9,55.0,1.6,36.00,1.20
MILA,36.45,6.260,2,61,2,60.5,10.4,4.6,13.8,9.20,7.9,73.3,57.6,1.7,45.00,1.60
MILA,36.45,6.260,3,61,2,58.2,11.4,5.6,15.5,10.50,6.9,71.9,57.0,1.9,71.00,2.30
MILA,36.45,6.260,4,52,2,65.9,10.4,7.8,18.5,13.10,3.5,69.5,59.3,1.9,94.00,3.10
MILA,36.45,6.260,5,37,1,73.4,8.5,11.1,22.7,16.90,0.8,65.3,64.7,1.8,127.00,4.10
MILA,36.45,6.260,6,19,1,100.9,4.6,15.2,27.5,21.40,0.1,59.5,71.4,1.6,152.00,5.10
MILA,36.45,6.260,7,7,0,142.3,2.3,18.2,31.7,24.90,0.1,53.7,78.3,1.5,179.00,5.80
MILA,36.45,6.260,8,11,0,112.3,2.5,18.6,31.6,25.10,0.1,56.8,76.8,1.6,167.00,5.40
MILA,36.45,6.260,9,36,1,71.7,6.0,16.0,27.8,21.90,0.1,63.0,70.1,1.5,119.00,4.00
MILA,36.45,6.260,10,46,1,77.4,7.7,12.0,22.8,17.40,0.8,69.0,63.8,1.4,80.00,2.60
MILA,36.45,6.260,11,52,2,71.7,10.4,7.8,17.5,12.60,4.0,73.5,59.6,1.4,47.00,1.60
MILA,36.45,6.260,12,80,3,71.4,11.0,5.1,13.5,9.30,7.9,76.0,56.0,1.6,35.00,1.10
MOSTAGANEM,35.93,0.090,1,44,1,77.7,8.2,5.2,15.5,10.30,6.6,69.6,60.1,1.7,44.00,1.40
MOSTAGANEM,35.93,0.090,2,48,2,84.1,8.7,6.1,17.1,11.60,4.5,68.1,61.0,2.2,58.00,2.10
MOSTAGANEM,35.93,0.090,3,41,1,77.1,8.0,7.0,19.1,13.00,3.4,67.0,58.9,2.1,86.00,2.80
MOSTAGANEM,35.93,0.090,4,40,1,85.7,7.4,9.3,21.0,15.10,1.3,66.1,60.3,2.2,106.00,3.50
MOSTAGANEM,35.93,0.090,5,32,1,108.0,6.6,12.3,25.0,18.60,0.2,66.8,65.8,2.2,137.00,4.40
MOSTAGANEM,35.93,0.090,6,11,0,119.5,2.7,16.4,29.8,23.10,0.1,64.2,69.8,2.3,164.00,5.50
MOSTAGANEM,35.93,0.090,7,3,0,226.3,1.6,19.2,33.8,26.50,0.0,62.5,74.2,2.3,191.00,6.10
MOSTAGANEM,35.93,0.090,8,5,0,177.9,1.7,20.0,34.3,27.10,0.0,64.5,72.3,2.1,176.00,5.70
MOSTAGANEM,35.93,0.090,9,15,0,112.3,3.2,17.4,30.8,24.10,0.1,67.0,66.4,1.8,128.00,4.30
MOSTAGANEM,35.93,0.090,10,42,1,98.0,6.4,13.4,25.3,19.30,0.2,68.4,65.0,1.9,93.00,3.00
MOSTAGANEM,35.93,0.090,11,47,2,81.0,7.6,9.4,20.0,14.70,1.6,69.5,60.8,1.9,60.00,2.00
MOSTAGANEM,35.93,0.090,12,59,2,85.2,8.0,6.1,16.2,11.10,5.3,70.0,59.3,1.8,45.00,1.40
MSILA,35.72,4.520,1,51,2,75.5,8.3,4.6,14.1,9.30,6.8,71.1,60.5,1.6,41.00,1.30
MSILA,35.72,4.520,2,46,2,76.5,8.1,5.5,15.3,10.40,5.1,69.1,63.1,1.8,52.00,1.90
MSILA,35.72,4.520,3,44,1,71.3,7.6,7.1,17.9,12.50,4.5,67.8,61.7,1.9,81.00,2.60
MSILA,35.72,4.520,4,40,1,74.8,7.5,9.9,21.2,15.50,2.2,65.9,63.6,1.8,106.00,3.50
MSILA,35.72,4.520,5,27,1,94.5,6.4,13.6,25.6,19.60,0.6,63.1,68.6,1.7,140.00,4.50
MSILA,35.72,4.520,6,16,1,103.4,3.1,18.4,31.2,24.80,0.2,58.5,74.1,1.6,168.00,5.60
MSILA,35.72,4.520,7,3,0,192.7,1.7,21.4,35.0,28.20,0.1,54.3,79.7,1.4,191.00,6.20
MSILA,35.72,4.520,8,7,0,150.1,2.1,21.3,34.5,27.90,0.1,57.4,78.5,1.5,178.00,5.70
MSILA,35.72,4.520,9,31,1,90.2,4.3,18.2,30.5,24.30,0.2,62.7,71.9,1.3,127.00,4.20
MSILA,35.72,4.520,10,46,1,88.4,5.9,13.5,24.6,19.00,0.9,66.7,67.4,1.4,88.00,2.80
MSILA,35.72,4.520,11,43,1,75.9,7.8,9.0,18.5,13.70,3.0,69.9,63.2,1.4,52.00,1.70
MSILA,35.72,4.520,12,62,2,75.1,8.2,5.6,14.6,10.10,5.8,72.1,60.8,1.5,39.00,1.20
NAAMA,33.27,-0.310,1,85,3,63.8,9.5,6.0,14.2,10.10,5.7,71.3,59.8,1.7,41.00,1.30
NAAMA,33.27,-0.310,2,79,3,79.0,10.6,6.7,15.7,11.20,4.1,69.8,61.4,2.1,54.00,1.90
NAAMA,33.27,-0.310,3,64,2,70.2,10.2,7.7,17.7,12.70,2.9,68.9,59.3,2.1,81.00,2.60
NAAMA,33.27,-0.310,4,57,2,78.0,8.7,9.7,20.1,14.90,0.9,67.7,61.3,2.0,102.00,3.40
NAAMA,33.27,-0.310,5,37,1,88.4,7.6,13.2,24.5,18.80,0.0,66.6,66.8,1.9,135.00,4.30
NAAMA,33.27,-0.310,6,14,0,101.5,3.1,17.5,29.6,23.50,0.0,63.4,71.7,2.0,162.00,5.40
NAAMA,33.27,-0.310,7,2,0,199.6,1.7,21.1,34.2,27.60,0.0,60.6,76.8,1.9,191.00,6.20
NAAMA,33.27,-0.310,8,6,0,139.1,1.6,21.3,34.3,27.80,0.0,63.3,75.1,1.9,178.00,5.70
NAAMA,33.27,-0.310,9,22,1,101.4,4.0,18.3,30.4,24.30,0.0,66.9,68.7,1.6,126.00,4.20
NAAMA,33.27,-0.310,10,60,2,90.3,7.2,14.0,24.4,19.20,0.0,69.1,65.4,1.7,88.00,2.80
NAAMA,33.27,-0.310,11,69,2,74.9,9.3,9.8,18.9,14.30,0.9,70.6,61.1,1.8,56.00,1.90
NAAMA,33.27,-0.310,12,83,3,73.6,10.0,6.8,14.8,10.80,4.3,71.9,59.1,1.8,41.00,1.30
ORAN,35.70,-0.630,1,7,0,143.0,0.7,3.9,17.5,10.70,7.1,58.7,73.3,1.5,58.00,1.90
ORAN,35.70,-0.630,2,4,0,171.8,0.8,6.6,20.3,13.40,2.9,55.2,77.2,1.6,73.00,2.60
ORAN,35.70,-0.630,3,6,0,158.8,0.8,10.0,24.4,17.20,0.4,53.6,76.7,1.6,113.00,3.60
ORAN,35.70,-0.630,4,4,0,180.4,0.7,14.0,28.4,21.20,0.0,52.0,78.2,1.7,146.00,4.90
ORAN,35.70,-0.630,5,1,0,173.0,0.4,19.0,33.2,26.10,0.0,50.9,79.0,1.8,187.00,6.00
ORAN,35.70,-0.630,6,1,0,199.8,0.3,24.1,38.9,31.50,0.0,48.3,81.5,1.7,213.00,7.10
ORAN,35.70,-0.630,7,0,0,347.7,0.0,25.7,41.3,33.50,0.0,46.0,85.3,1.6,232.00,7.50
ORAN,35.70,-0.630,8,0,0,321.5,0.0,26.1,41.4,33.70,0.0,49.7,84.7,1.5,217.00,7.00
ORAN,35.70,-0.630,9,3,0,179.7,0.3,22.3,36.4,29.30,0.0,53.6,79.7,1.6,169.00,5.60
ORAN,35.70,-0.630,10,5,0,141.3,0.5,16.2,29.8,23.00,0.0,55.2,77.8,1.5,122.00,3.90
ORAN,35.70,-0.630,11,7,0,115.1,1.1,10.2,23.1,16.60,0.6,57.7,74.3,1.3,74.00,2.50
ORAN,35.70,-0.630,12,9,0,129.1,1.0,5.3,18.7,12.00,5.7,60.5,74.0,1.5,59.00,1.90
OUARGLA,31.95,5.330,1,7,0,143.0,0.7,3.9,17.5,10.70,7.1,58.7,73.3,1.5,58.00,1.90
OUARGLA,31.95,5.330,2,4,0,171.8,0.8,6.6,20.3,13.40,2.9,55.2,77.2,1.6,73.00,2.60
OUARGLA,31.95,5.330,3,6,0,158.8,0.8,10.0,24.4,17.20,0.4,53.6,76.7,1.6,113.00,3.60
OUARGLA,31.95,5.330,4,4,0,180.4,0.7,14.0,28.4,21.20,0.0,52.0,78.2,1.7,146.00,4.90
OUARGLA,31.95,5.330,5,1,0,173.0,0.4,19.0,33.2,26.10,0.0,50.9,79.0,1.8,187.00,6.00
OUARGLA,31.95,5.330,6,1,0,199.8,0.3,24.1,38.9,31.50,0.0,48.3,81.5,1.7,213.00,7.10
OUARGLA,31.95,5.330,7,0,0,347.7,0.0,25.7,41.3,33.50,0.0,46.0,85.3,1.6,232.00,7.50
OUARGLA,31.95,5.330,8,0,0,321.5,0.0,26.1,41.4,33.70,0.0,49.7,84.7,1.5,217.00,7.00
OUARGLA,31.95,5.330,9,3,0,179.7,0.3,22.3,36.4,29.30,0.0,53.6,79.7,1.6,169.00,5.60
OUARGLA,31.95,5.330,10,5,0,141.3,0.5,16.2,29.8,23.00,0.0,55.2,77.8,1.5,122.00,3.90
OUARGLA,31.95,5.330,11,7,0,115.1,1.1,10.2,23.1,16.60,0.6,57.7,74.3,1.3,74.00,2.50
OUARGLA,31.95,5.330,12,9,0,129.1,1.0,5.3,18.7,12.00,5.7,60.5,74.0,1.5,59.00,1.90
OULED DJELLAL,34.43,5.060,1,16,1,102.4,4.1,5.4,15.8,10.60,6.2,67.3,64.4,1.3,44.00,1.40
OULED DJELLAL,34.43,5.060,2,14,1,116.5,4.0,7.0,17.8,12.40,3.5,64.6,67.8,1.6,59.00,2.10
OULED DJELLAL,34.43,5.060,3,18,1,106.6,4.1,9.3,20.9,15.10,2.3,63.0,66.7,1.6,92.00,3.00
OULED DJELLAL,34.43,5.060,4,15,1,119.7,3.9,12.7,24.7,18.70,0.7,61.0,68.6,1.6,120.00,4.00
OULED DJELLAL,34.43,5.060,5,13,0,129.0,3.3,17.2,29.9,23.50,0.0,58.7,72.3,1.6,160.00,5.20
OULED DJELLAL,34.43,5.060,6,7,0,142.5,2.2,22.0,35.4,28.70,0.0,54.4,76.7,1.5,187.00,6.20
OULED DJELLAL,34.43,5.060,7,2,0,257.7,0.8,24.8,38.9,31.90,0.0,50.7,81.8,1.3,207.00,6.70
OULED DJELLAL,34.43,5.060,8,5,0,190.0,1.2,24.8,38.3,31.50,0.0,54.1,80.8,1.3,193.00,6.20
OULED DJELLAL,34.43,5.060,9,17,1,117.0,2.7,21.0,33.3,27.10,0.0,59.3,74.9,1.3,142.00,4.70
OULED DJELLAL,34.43,5.060,10,19,1,110.0,3.1,15.5,26.7,21.10,0.2,63.0,71.0,1.3,98.00,3.20
OULED DJELLAL,34.43,5.060,11,18,1,103.5,4.2,10.0,20.4,15.20,1.6,66.2,67.1,1.2,58.00,1.90
OULED DJELLAL,34.43,5.060,12,17,1,111.1,3.9,6.5,16.4,11.40,4.9,68.8,65.3,1.3,43.00,1.40
OUM EL BOUAGHI,35.87,7.110,1,55,2,68.0,8.9,1.3,10.6,5.90,14.7,72.8,57.1,1.8,36.00,1.20
OUM EL BOUAGHI,35.87,7.110,2,52,2,65.9,8.5,1.9,12.1,7.00,12.1,71.2,59.9,2.0,46.00,1.60
OUM EL BOUAGHI,35.87,7.110,3,58,2,65.2,10.0,3.3,14.4,8.80,10.6,69.3,58.3,2.1,72.00,2.30
OUM EL BOUAGHI,35.87,7.110,4,48,2,71.6,9.0,5.8,18.0,11.90,5.7,66.7,59.9,2.1,96.00,3.20
OUM EL BOUAGHI,35.87,7.110,5,41,1,75.7,7.5,9.6,23.2,16.40,1.6,62.1,64.3,1.9,131.00,4.20
OUM EL BOUAGHI,35.87,7.110,6,26,1,93.7,4.8,14.1,29.1,21.60,0.4,55.8,70.8,1.8,162.00,5.40
OUM EL BOUAGHI,35.87,7.110,7,10,0,141.5,2.6,16.8,33.0,24.90,0.3,48.8,78.1,1.7,190.00,6.10
OUM EL BOUAGHI,35.87,7.110,8,18,1,123.2,3.5,16.9,32.3,24.60,0.3,52.2,76.8,1.7,175.00,5.60
OUM EL BOUAGHI,35.87,7.110,9,37,1,77.6,6.1,13.9,27.5,20.70,0.4,59.1,70.9,1.7,126.00,4.20
OUM EL BOUAGHI,35.87,7.110,10,39,1,74.5,6.5,9.5,21.4,15.40,1.7,66.3,65.2,1.6,82.00,2.70
OUM EL BOUAGHI,35.87,7.110,11,48,2,77.1,8.1,4.9,15.5,10.20,7.1,71.7,62.2,1.6,48.00,1.60
OUM EL BOUAGHI,35.87,7.110,12,55,2,76.7,8.5,2.2,11.6,6.90,12.8,74.2,59.0,1.9,36.00,1.20
RELIZANE,35.75,0.560,1,42,1,78.4,7.5,5.2,15.6,10.40,6.5,69.1,61.3,1.6,44.00,1.40
RELIZANE,35.75,0.560,2,48,2,84.5,8.3,6.3,17.6,11.90,4.2,67.5,62.5,2.1,59.00,2.10
RELIZANE,35.75,0.560,3,40,1,77.8,7.4,7.1,19.8,13.40,3.1,66.3,60.8,1.9,87.00,2.80
RELIZANE,35.75,0.560,4,38,1,88.2,6.8,9.5,21.9,15.70,0.8,65.3,62.1,2.1,110.00,3.70
RELIZANE,35.75,0.560,5,31,1,108.0,6.0,12.5,26.3,19.40,0.0,65.7,67.2,2.1,143.00,4.60
RELIZANE,35.75,0.560,6,10,0,120.3,2.3,17.0,31.5,24.20,0.0,62.8,71.3,2.2,171.00,5.70
RELIZANE,35.75,0.560,7,2,0,214.1,1.4,19.8,35.6,27.70,0.0,60.8,75.7,2.2,200.00,6.40
RELIZANE,35.75,0.560,8,5,0,169.4,1.6,20.6,36.1,28.30,0.0,62.9,73.9,2.0,185.00,6.00
RELIZANE,35.75,0.560,9,12,0,111.6,3.0,17.8,32.1,24.90,0.0,65.8,68.2,1.7,133.00,4.40
RELIZANE,35.75,0.560,10,39,1,99.7,5.9,13.6,26.0,19.80,0.0,67.4,66.5,1.7,94.00,3.00
RELIZANE,35.75,0.560,11,44,1,83.0,7.1,9.6,20.5,15.00,1.3,68.8,62.1,1.7,59.00,2.00
RELIZANE,35.75,0.560,12,56,2,85.5,7.4,6.2,16.5,11.30,5.2,69.5,60.7,1.7,45.00,1.40
SAIDA,34.84,0.150,1,53,2,80.1,7.5,1.1,10.7,5.90,13.7,67.2,64.7,2.1,44.00,1.40
SAIDA,34.84,0.150,2,55,2,89.5,8.3,2.4,12.8,7.60,10.1,66.6,64.6,2.5,55.00,2.00
SAIDA,34.84,0.150,3,54,2,82.2,7.4,3.3,15.4,9.30,8.8,64.6,63.7,2.4,83.00,2.70
SAIDA,34.84,0.150,4,50,2,93.7,7.5,5.9,18.2,12.00,5.2,63.9,62.9,2.5,104.00,3.50
SAIDA,34.84,0.150,5,44,1,119.3,7.0,9.2,22.7,15.90,2.3,63.4,66.7,2.4,135.00,4.40
SAIDA,34.84,0.150,6,23,1,124.9,3.7,14.3,28.9,21.60,0.9,58.4,72.1,2.4,169.00,5.60
SAIDA,34.84,0.150,7,10,0,192.5,2.6,17.4,33.3,25.30,0.5,52.8,77.6,2.3,201.00,6.50
SAIDA,34.84,0.150,8,14,0,149.1,3.3,17.8,33.5,25.60,0.5,54.6,75.7,2.2,188.00,6.10
SAIDA,34.84,0.150,9,24,1,106.4,4.7,14.5,28.9,21.70,0.9,59.5,70.5,1.9,134.00,4.50
SAIDA,34.84,0.150,10,42,1,106.9,5.8,10.2,21.9,16.00,2.4,63.5,69.1,2.0,94.00,3.00
SAIDA,34.84,0.150,11,52,2,83.3,7.0,5.8,15.8,10.80,6.2,66.8,64.6,2.1,58.00,1.90
SAIDA,34.84,0.150,12,61,2,93.8,7.2,2.5,12.0,7.20,12.1,67.8,64.2,2.2,45.00,1.50
SETIF,36.19,5.410,1,49,2,77.0,10.0,2.0,10.2,6.10,12.6,73.2,58.7,1.9,36.00,1.20
SETIF,36.19,5.410,2,38,1,64.3,9.4,2.6,11.4,7.00,10.7,72.3,60.3,2.2,45.00,1.60
SETIF,36.19,5.410,3,44,1,63.8,9.3,4.1,13.9,9.00,10.2,70.8,58.6,2.2,71.00,2.30
SETIF,36.19,5.410,4,41,1,63.9,9.6,6.8,17.4,12.10,6.2,68.7,59.7,2.2,94.00,3.10
SETIF,36.19,5.410,5,41,1,73.9,8.0,10.5,22.2,16.30,2.5,65.0,64.6,2.0,128.00,4.10
SETIF,36.19,5.410,6,26,1,90.1,4.9,15.7,28.9,22.30,1.0,59.3,71.2,1.9,161.00,5.40
SETIF,36.19,5.410,7,10,0,135.0,2.7,18.8,32.9,25.80,0.6,52.9,78.1,1.6,187.00,6.00
SETIF,36.19,5.410,8,13,0,110.6,2.7,18.7,32.2,25.40,0.6,56.1,76.7,1.6,171.00,5.50
SETIF,36.19,5.410,9,39,1,75.0,6.3,15.5,27.6,21.50,0.9,62.2,70.0,1.6,123.00,4.10
SETIF,36.19,5.410,10,43,1,85.9,6.7,11.1,21.6,16.30,2.7,67.9,65.1,1.6,82.00,2.70
SETIF,36.19,5.410,11,40,1,69.0,8.9,6.4,15.0,10.70,7.2,72.0,61.7,1.7,48.00,1.60
SETIF,36.19,5.410,12,55,2,69.0,10.5,3.1,10.7,6.90,11.3,74.3,59.1,1.8,34.00,1.10
SIDI BEL ABBES,35.21,-0.630,1,49,2,78.8,7.2,3.6,13.8,8.70,8.9,68.5,62.0,2.1,47.00,1.50
SIDI BEL ABBES,35.21,-0.630,2,54,2,86.1,8.5,4.9,15.2,10.00,6.1,67.5,62.3,2.6,59.00,2.10
SIDI BEL ABBES,35.21,-0.630,3,54,2,78.9,7.3,5.7,17.4,11.50,5.0,65.3,61.6,2.4,87.00,2.80
SIDI BEL ABBES,35.21,-0.630,4,53,2,88.7,7.3,7.9,19.5,13.70,2.6,64.5,61.6,2.5,107.00,3.60
SIDI BEL ABBES,35.21,-0.630,5,42,1,124.7,7.0,10.9,23.2,17.00,1.0,65.0,66.1,2.5,136.00,4.40
SIDI BEL ABBES,35.21,-0.630,6,17,1,127.7,3.2,15.1,28.1,21.60,0.5,60.7,71.1,2.6,166.00,5.50
SIDI BEL ABBES,35.21,-0.630,7,6,0,233.0,1.9,18.0,32.1,25.00,0.2,56.9,75.9,2.6,196.00,6.30
SIDI BEL ABBES,35.21,-0.630,8,7,0,171.5,2.2,18.6,32.7,25.60,0.2,58.4,74.1,2.4,183.00,5.90
SIDI BEL ABBES,35.21,-0.630,9,18,1,108.2,3.6,16.1,29.3,22.70,0.4,62.4,68.8,2.1,134.00,4.50
SIDI BEL ABBES,35.21,-0.630,10,37,1,105.4,5.7,12.1,23.7,17.90,1.1,65.4,67.6,2.1,96.00,3.10
SIDI BEL ABBES,35.21,-0.630,11,49,2,78.7,7.0,8.0,18.4,13.20,3.2,68.1,62.8,2.2,62.00,2.10
SIDI BEL ABBES,35.21,-0.630,12,65,2,93.6,7.2,4.8,14.9,9.80,7.6,68.8,61.8,2.2,48.00,1.60
SKIKDA,36.86,6.910,1,103,3,56.7,11.9,6.9,15.3,11.10,4.5,76.2,52.0,1.5,37.00,1.20
SKIKDA,36.86,6.910,2,85,3,53.7,11.2,7.0,16.0,11.50,3.9,74.2,55.3,1.6,47.00,1.70
SKIKDA,36.86,6.910,3,72,2,55.2,11.9,7.9,17.1,12.50,3.1,72.8,55.8,1.9,73.00,2.40
SKIKDA,36.86,6.910,4,58,2,66.8,10.6,9.8,19.4,14.60,1.2,70.4,58.9,1.7,94.00,3.10
SKIKDA,36.86,6.910,5,32,1,72.3,7.6,12.9,22.5,17.70,0.1,66.1,65.0,1.7,126.00,4.10
SKIKDA,36.86,6.910,6,15,0,94.4,3.9,16.2,26.0,21.10,0.0,60.5,71.6,1.6,148.00,4.90
SKIKDA,36.86,6.910,7,4,0,148.6,1.6,18.9,29.5,24.20,0.0,55.4,78.7,1.6,173.00,5.60
SKIKDA,36.86,6.910,8,10,0,125.2,2.1,19.7,29.9,24.80,0.0,58.2,77.0,1.6,160.00,5.20
SKIKDA,36.86,6.910,9,32,1,75.2,5.6,17.8,27.7,22.70,0.0,64.2,70.0,1.5,117.00,3.90
SKIKDA,36.86,6.910,10,67,2,74.6,8.3,14.4,24.0,19.20,0.0,70.1,62.7,1.3,79.00,2.50
SKIKDA,36.86,6.910,11,85,3,65.7,10.9,10.5,19.9,15.20,1.0,74.5,57.7,1.4,49.00,1.60
SKIKDA,36.86,6.910,12,111,4,63.8,12.1,7.9,16.3,12.10,3.4,77.2,53.2,1.5,36.00,1.20
SOUK AHRAS,36.28,7.940,1,120,4,53.1,10.9,2.6,11.4,7.00,12.5,75.1,52.5,2.1,37.00,1.20
SOUK AHRAS,36.29,7.950,2,106,4,56.6,9.7,2.9,12.7,7.80,10.8,73.6,55.6,2.2,46.00,1.60
SOUK AHRAS,36.30,7.960,3,98,3,56.3,11.3,3.9,14.5,9.20,9.5,71.9,55.0,2.3,70.00,2.30
SOUK AHRAS,36.31,7.970,4,81,3,67.9,10.2,6.2,17.9,12.00,5.2,69.4,57.1,2.3,93.00,3.10
SOUK AHRAS,36.32,7.980,5,52,2,68.2,7.9,9.7,22.7,16.20,1.5,64.2,62.4,2.2,129.00,4.20
SOUK AHRAS,36.33,7.990,6,29,1,91.8,4.7,13.9,28.1,21.00,0.6,57.5,69.4,2.1,160.00,5.30
SOUK AHRAS,36.34,7.100,7,9,0,141.2,2.6,16.5,31.9,24.20,0.4,50.0,77.4,2.1,193.00,6.20
SOUK AHRAS,36.35,7.101,8,19,1,124.2,3.5,16.9,31.5,24.20,0.4,53.0,75.6,2.0,176.00,5.70
SOUK AHRAS,36.36,7.102,9,46,2,81.2,6.2,14.5,27.6,21.00,0.6,60.1,69.6,1.9,127.00,4.20
SOUK AHRAS,36.37,7.103,10,79,3,77.7,7.6,10.6,22.1,16.30,1.6,68.1,62.4,1.9,84.00,2.70
SOUK AHRAS,36.38,7.104,11,95,3,67.7,9.5,6.4,16.5,11.40,5.8,73.9,58.9,1.9,50.00,1.70
SOUK AHRAS,36.28,7.940,12,118,4,66.8,10.0,3.6,12.6,8.10,10.8,76.4,54.9,2.1,37.00,1.20
TAMANRASSET,22.97,5.540,1,1,0,332.6,0.6,5.1,20.1,12.60,6.8,30.4,81.0,1.5,96.00,3.10
TAMANRASSET,22.97,5.540,2,1,0,334.6,0.9,7.4,22.4,14.90,3.1,26.5,82.4,1.6,108.00,3.80
TAMANRASSET,22.97,5.540,3,3,0,231.6,1.1,10.7,25.4,18.00,1.0,24.8,79.5,1.6,145.00,4.70
TAMANRASSET,22.97,5.540,4,2,0,296.4,0.8,14.9,29.5,22.20,0.5,24.9,76.1,1.6,166.00,5.50
TAMANRASSET,22.97,5.540,5,6,0,207.8,1.6,19.3,33.0,26.10,0.2,27.5,73.5,1.6,190.00,6.10
TAMANRASSET,22.97,5.540,6,4,0,149.4,2.4,22.5,35.3,28.90,0.1,30.2,69.3,1.6,193.00,6.40
TAMANRASSET,22.97,5.540,7,5,0,166.9,2.3,22.7,34.7,28.70,0.1,34.4,70.7,1.6,197.00,6.40
TAMANRASSET,22.97,5.540,8,6,0,199.8,1.6,22.1,34.1,28.10,0.1,39.2,72.1,1.6,189.00,6.10
TAMANRASSET,22.97,5.540,9,8,0,142.1,2.3,20.5,32.6,26.50,0.1,35.4,72.2,1.6,168.00,5.60
TAMANRASSET,22.97,5.540,10,3,0,228.6,0.6,15.8,28.8,22.30,0.3,29.6,80.3,1.6,151.00,4.90
TAMANRASSET,22.97,5.540,11,2,0,338.1,0.4,10.2,24.2,17.20,1.0,29.4,82.5,1.6,115.00,3.80
TAMANRASSET,22.97,5.540,12,2,0,257.4,0.5,6.5,20.9,13.70,4.6,32.1,79.0,1.6,98.00,3.20
TEBESSA,35.40,8.120,1,47,2,73.2,8.3,0.3,9.3,4.80,17.1,70.1,59.9,2.2,39.00,1.30
TEBESSA,35.40,8.120,2,45,2,76.1,7.0,1.0,11.0,6.00,14.1,68.4,62.5,2.4,49.00,1.70
TEBESSA,35.40,8.120,3,56,2,72.6,9.3,2.6,13.4,8.00,12.1,66.4,59.8,2.4,74.00,2.40
TEBESSA,35.40,8.120,4,48,2,77.6,8.5,5.3,17.3,11.30,6.9,63.6,60.7,2.5,100.00,3.30
TEBESSA,35.40,8.120,5,44,1,81.8,7.5,9.3,22.8,16.00,2.3,59.1,64.4,2.3,137.00,4.40
TEBESSA,35.40,8.120,6,33,1,88.9,5.1,13.9,29.3,21.60,0.9,52.8,70.5,2.2,171.00,5.70
TEBESSA,35.40,8.120,7,14,0,130.5,3.2,16.5,32.9,24.70,0.5,45.3,78.1,2.1,202.00,6.50
TEBESSA,35.40,8.120,8,23,1,145.3,4.3,16.5,32.0,24.20,0.6,49.3,77.1,2.0,183.00,5.90
TEBESSA,35.40,8.120,9,41,1,88.4,6.4,13.5,27.0,20.20,0.9,56.5,71.5,2.1,134.00,4.50
TEBESSA,35.40,8.120,10,42,1,80.4,6.3,9.2,20.6,14.90,2.6,64.3,66.8,2.0,88.00,2.80
TEBESSA,35.40,8.120,11,48,2,83.7,7.2,4.4,14.4,9.40,8.6,69.6,65.1,2.1,53.00,1.80
TEBESSA,35.40,8.120,12,46,1,90.2,7.3,1.4,10.5,5.90,15.2,72.0,62.2,2.3,39.00,1.30
TIARET,35.37,1.320,1,65,2,72.7,8.7,2.1,10.7,6.40,13.0,68.6,63.6,1.9,41.00,1.30
TIARET,35.37,1.320,2,66,2,85.9,8.8,3.1,12.9,8.00,9.9,67.9,64.1,2.3,53.00,1.90
TIARET,35.37,1.320,3,58,2,76.0,8.3,4.0,15.7,9.80,8.8,66.4,62.3,2.2,80.00,2.60
TIARET,35.37,1.320,4,51,2,86.9,8.2,6.2,18.2,12.20,4.8,65.5,62.2,2.2,100.00,3.30
TIARET,35.37,1.320,5,44,1,99.3,7.4,9.6,23.2,16.40,1.9,64.5,66.5,2.2,134.00,4.30
TIARET,35.37,1.320,6,23,1,102.9,3.8,14.9,29.4,22.10,0.7,60.1,71.7,2.1,165.00,5.50
TIARET,35.37,1.320,7,9,0,170.1,2.7,17.9,34.1,26.00,0.4,55.1,77.5,2.0,196.00,6.30
TIARET,35.37,1.320,8,15,0,133.0,3.2,18.5,34.1,26.30,0.4,57.4,75.7,1.9,182.00,5.90
TIARET,35.37,1.320,9,25,1,101.8,4.7,15.1,29.5,22.30,0.7,61.9,69.9,1.7,130.00,4.30
TIARET,35.37,1.320,10,49,2,99.1,6.3,10.9,22.4,16.60,2.1,65.5,67.9,1.9,91.00,2.90
TIARET,35.37,1.320,11,58,2,81.3,8.7,6.4,16.2,11.30,5.9,68.1,63.9,1.9,55.00,1.80
TIARET,35.37,1.320,12,66,2,83.7,8.3,3.2,12.2,7.70,11.4,69.3,63.1,2.0,42.00,1.40
TIMIMOUN,29.26,0.240,1,3,0,170.7,1.0,4.4,18.9,11.60,8.5,48.6,83.1,1.2,65.00,2.10
TIMIMOUN,29.26,0.240,2,2,0,203.2,0.6,7.2,22.9,15.00,3.2,44.9,82.8,1.4,85.00,3.00
TIMIMOUN,29.26,0.240,3,4,0,223.7,0.6,10.3,26.1,18.20,0.6,42.0,86.8,1.4,128.00,4.10
TIMIMOUN,29.26,0.240,4,3,0,241.5,0.9,14.5,30.5,22.50,0.0,40.6,84.8,1.4,157.00,5.20
TIMIMOUN,29.26,0.240,5,1,0,276.5,0.5,19.1,35.3,27.20,0.0,40.0,82.2,1.6,198.00,6.40
TIMIMOUN,29.26,0.240,6,0,0,349.3,0.5,24.5,41.3,32.90,0.0,38.1,84.3,1.4,216.00,7.20
TIMIMOUN,29.26,0.240,7,0,0,328.2,0.4,26.7,43.9,35.30,0.0,36.4,87.9,1.3,233.00,7.50
TIMIMOUN,29.26,0.240,8,1,0,352.5,0.5,26.5,43.3,34.90,0.0,40.3,86.5,1.2,217.00,7.00
TIMIMOUN,29.26,0.240,9,1,0,239.8,0.6,23.0,38.6,30.80,0.0,43.7,81.8,1.3,176.00,5.90
TIMIMOUN,29.26,0.240,10,3,0,246.7,1.1,16.3,31.3,23.80,0.0,44.0,81.0,1.2,129.00,4.20
TIMIMOUN,29.26,0.240,11,2,0,179.9,1.0,10.0,24.5,17.20,0.8,47.5,80.1,1.1,83.00,2.80
TIMIMOUN,29.26,0.240,12,5,0,193.1,1.9,5.0,19.4,12.20,7.2,49.8,81.1,1.2,65.00,2.10
TINDOUF,27.68,-8.130,1,4,0,196.3,0.6,8.0,19.6,13.80,2.7,51.0,76.2,1.6,77.00,2.50
TINDOUF,27.68,-8.130,2,4,0,163.4,1.1,10.0,23.4,16.70,0.0,47.6,76.8,1.9,97.00,3.50
TINDOUF,27.68,-8.130,3,3,0,196.3,0.6,13.4,26.6,20.00,0.0,43.8,78.7,2.2,150.00,4.80
TINDOUF,27.68,-8.130,4,1,0,286.0,0.0,13.8,28.5,21.10,0.0,42.5,79.1,2.5,176.00,5.90
TINDOUF,27.68,-8.130,5,1,0,381.1,0.3,17.7,32.9,25.30,0.0,41.2,74.0,2.6,213.00,6.90
TINDOUF,27.68,-8.130,6,0,0,396.1,0.1,19.9,36.5,28.20,0.0,41.9,69.2,2.7,224.00,7.50
TINDOUF,27.68,-8.130,7,0,0,263.7,0.2,26.3,41.0,33.60,0.0,43.0,64.6,2.8,252.00,8.10
TINDOUF,27.68,-8.130,8,3,0,176.3,0.7,25.7,39.9,32.80,0.0,47.1,66.8,2.5,231.00,7.40
TINDOUF,27.68,-8.130,9,6,0,181.0,1.1,23.0,36.7,29.80,0.0,50.1,69.2,2.0,180.00,6.00
TINDOUF,27.68,-8.130,10,17,1,182.2,0.3,18.5,31.2,24.80,0.0,48.6,74.6,1.7,141.00,4.60
TINDOUF,27.68,-8.130,11,7,0,236.6,0.5,13.6,25.8,19.70,0.0,51.0,76.3,1.5,97.00,3.20
TINDOUF,27.68,-8.130,12,6,0,213.0,0.5,8.7,20.4,14.50,2.0,51.9,77.3,1.5,76.00,2.40
TIPAZA,36.59,2.440,1,85,3,61.3,10.2,6.8,15.9,11.30,4.1,72.5,58.3,1.7,42.00,1.40
TIPAZA,36.59,2.440,2,77,3,77.5,10.5,7.3,16.9,12.10,2.9,70.5,60.6,1.9,53.00,1.90
TIPAZA,36.59,2.440,3,62,2,68.2,10.6,8.2,18.6,13.40,2.0,69.6,58.6,2.0,81.00,2.60
TIPAZA,36.59,2.440,4,59,2,74.9,8.6,10.1,20.7,15.40,0.2,68.2,61.4,1.9,102.00,3.40
TIPAZA,36.59,2.440,5,32,1,90.4,7.5,13.4,24.4,18.90,0.0,66.8,67.4,1.9,134.00,4.30
TIPAZA,36.59,2.440,6,12,0,106.3,2.9,17.3,28.7,23.00,0.0,63.8,72.4,1.9,158.00,5.30
TIPAZA,36.59,2.440,7,1,0,207.4,1.5,20.6,32.8,26.70,0.0,61.6,77.3,1.8,183.00,5.90
TIPAZA,36.59,2.440,8,4,0,156.3,1.4,21.1,33.2,27.10,0.0,64.5,75.8,1.9,172.00,5.50
TIPAZA,36.59,2.440,9,25,1,100.6,4.2,18.5,30.2,24.30,0.0,68.1,68.9,1.5,122.00,4.10
TIPAZA,36.59,2.440,10,68,2,86.5,7.5,14.6,25.2,19.90,0.0,70.2,64.9,1.6,87.00,2.80
TIPAZA,36.59,2.440,11,75,2,72.8,9.7,10.4,20.2,15.30,0.0,71.6,60.2,1.7,55.00,1.80
TIPAZA,36.59,2.440,12,90,3,70.0,10.4,7.6,16.4,12.00,2.7,73.0,57.6,1.7,41.00,1.30
TISSEMSILT,35.61,1.810,1,77,2,68.2,9.2,3.2,11.4,7.30,11.1,69.7,62.5,1.9,41.00,1.30
TISSEMSILT,35.61,1.810,2,75,3,83.8,9.8,4.1,13.3,8.70,8.4,68.8,63.3,2.2,52.00,1.90
TISSEMSILT,35.61,1.810,3,63,2,73.2,9.3,5.1,15.8,10.40,7.3,67.6,61.3,2.2,79.00,2.60
TISSEMSILT,35.61,1.810,4,55,2,82.4,8.7,7.3,18.4,12.80,3.7,66.5,61.8,2.2,100.00,3.30
TISSEMSILT,35.61,1.810,5,43,1,91.0,7.8,10.8,23.3,17.00,1.2,65.2,66.5,2.0,132.00,4.30
TISSEMSILT,35.61,1.810,6,21,1,96.6,3.7,15.7,29.2,22.40,0.4,61.0,71.7,2.0,162.00,5.40
TISSEMSILT,35.61,1.810,7,7,0,171.3,2.6,19.1,34.0,26.50,0.2,56.6,77.3,1.9,193.00,6.20
TISSEMSILT,35.61,1.810,8,13,0,129.6,2.8,19.4,33.9,26.60,0.2,59.1,75.7,1.9,180.00,5.80
TISSEMSILT,35.61,1.810,9,25,1,98.9,4.7,15.9,29.3,22.60,0.4,63.4,69.7,1.6,127.00,4.20
TISSEMSILT,35.61,1.810,10,54,2,94.8,6.9,11.6,22.5,17.00,1.4,66.7,67.1,1.8,89.00,2.90
TISSEMSILT,35.61,1.810,11,64,2,78.2,9.1,7.2,16.5,11.80,4.6,69.1,63.1,1.9,55.00,1.80
TISSEMSILT,35.61,1.810,12,74,2,78.6,9.2,4.2,12.5,8.30,9.6,70.3,61.9,1.9,41.00,1.30
TIZI OUZOU,36.71,4.050,1,96,3,60.7,11.4,4.3,13.3,8.80,7.8,73.7,57.7,1.9,39.00,1.30
TIZI OUZOU,36.71,4.050,2,85,3,73.4,10.8,4.7,14.0,9.30,6.6,72.4,59.7,2.1,48.00,1.70
TIZI OUZOU,36.71,4.050,3,72,2,61.8,10.7,5.6,15.8,10.70,6.2,71.2,57.9,2.2,74.00,2.40
TIZI OUZOU,36.71,4.050,4,72,2,69.6,10.1,7.8,18.1,12.90,3.5,69.5,60.1,2.1,94.00,3.10
TIZI OUZOU,36.71,4.050,5,38,1,84.9,8.5,11.0,21.8,16.40,1.2,66.7,66.0,1.9,125.00,4.00
TIZI OUZOU,36.71,4.050,6,24,1,93.8,3.9,15.4,26.7,21.00,0.5,62.1,72.2,1.9,152.00,5.10
TIZI OUZOU,36.71,4.050,7,6,0,171.8,2.4,18.5,30.6,24.50,0.3,57.9,78.1,1.7,177.00,5.70
TIZI OUZOU,36.71,4.050,8,9,0,155.3,2.6,18.8,30.7,24.70,0.3,60.9,76.7,1.8,165.00,5.30
TIZI OUZOU,36.71,4.050,9,42,1,91.4,5.5,16.3,27.7,22.00,0.5,66.0,69.4,1.6,118.00,3.90
TIZI OUZOU,36.71,4.050,10,82,3,77.6,8.1,12.4,22.8,17.60,1.3,69.9,64.6,1.7,82.00,2.70
TIZI OUZOU,36.71,4.050,11,83,3,69.5,10.5,8.5,17.6,13.00,3.5,72.5,60.3,1.7,50.00,1.70
TIZI OUZOU,36.71,4.050,12,115,4,60.6,11.2,5.5,13.9,9.70,6.5,74.5,57.4,1.8,37.00,1.20
TLEMCEN,34.88,-1.320,1,55,2,80.8,7.5,0.6,10.8,5.70,12.9,68.3,62.8,2.8,48.00,1.50
TLEMCEN,34.88,-1.320,2,60,2,89.6,8.7,1.9,12.1,7.00,9.5,67.9,61.9,3.1,56.00,2.00
TLEMCEN,34.88,-1.320,3,63,2,79.6,7.9,2.8,14.6,8.70,8.2,64.9,62.1,3.0,84.00,2.70
TLEMCEN,34.88,-1.320,4,63,2,90.2,8.4,4.9,16.7,10.80,5.2,64.5,60.7,3.1,102.00,3.40
TLEMCEN,34.88,-1.320,5,51,2,130.0,8.0,8.0,20.7,14.30,2.6,64.1,64.7,2.9,130.00,4.20
TLEMCEN,34.88,-1.320,6,27,1,124.7,4.5,12.5,26.4,19.40,1.0,58.0,71.0,2.9,164.00,5.50
TLEMCEN,34.88,-1.320,7,12,0,200.6,2.7,15.6,31.0,23.30,0.5,51.1,76.8,2.9,203.00,6.50
TLEMCEN,34.88,-1.320,8,13,0,153.1,3.2,16.1,31.2,23.60,0.5,52.2,74.8,2.7,189.00,6.10
TLEMCEN,34.88,-1.320,9,25,1,111.7,4.7,13.3,27.3,20.30,1.0,58.1,69.8,2.5,139.00,4.60
TLEMCEN,34.88,-1.320,10,44,1,107.1,6.0,9.0,21.0,15.00,2.6,63.5,68.3,2.5,96.00,3.10
TLEMCEN,34.88,-1.320,11,56,2,77.4,7.3,5.1,15.3,10.20,5.9,67.8,63.2,2.6,60.00,2.00
TLEMCEN,34.88,-1.320,12,68,2,98.1,7.6,1.8,11.6,6.70,11.3,68.7,62.6,2.8,47.00,1.50
TOUGGOURT,33.10,6.070,1,10,0,126.0,1.7,4.5,16.2,10.30,7.1,62.7,69.1,1.5,52.00,1.70
TOUGGOURT,33.10,6.070,2,4,0,150.4,1.3,6.4,19.0,12.70,3.4,59.3,73.0,1.6,66.00,2.40
TOUGGOURT,33.10,6.070,3,10,0,136.4,1.8,9.4,22.3,15.80,1.3,57.6,71.6,1.7,103.00,3.30
TOUGGOURT,33.10,6.070,4,8,0,150.1,1.4,13.3,26.4,19.80,0.1,55.6,73.7,1.8,136.00,4.50
TOUGGOURT,33.10,6.070,5,7,0,172.4,1.2,18.0,31.7,24.80,0.0,53.9,75.8,1.8,176.00,5.70
TOUGGOURT,33.10,6.070,6,3,0,176.5,1.1,22.9,37.4,30.10,0.0,50.5,79.0,1.7,203.00,6.80
TOUGGOURT,33.10,6.070,7,1,0,293.2,0.3,25.1,40.2,32.60,0.0,47.4,83.5,1.6,225.00,7.20
TOUGGOURT,33.10,6.070,8,1,0,287.8,0.2,25.4,40.1,32.70,0.0,51.1,83.0,1.6,212.00,6.80
TOUGGOURT,33.10,6.070,9,5,0,162.8,0.8,21.6,35.0,28.30,0.0,55.9,77.5,1.6,159.00,5.30
TOUGGOURT,33.10,6.070,10,8,0,124.3,1.2,16.1,28.5,22.30,0.0,58.8,74.8,1.5,113.00,3.60
TOUGGOURT,33.10,6.070,11,9,0,109.6,1.7,9.9,21.9,15.90,1.1,61.6,71.5,1.3,67.00,2.20
TOUGGOURT,33.10,6.070,12,8,0,127.4,1.5,5.8,17.4,11.60,5.9,64.5,70.3,1.5,52.00,1.70
